{"email":"shinithshini6@gmail.com","level":"info","message":"📩 Received message:","service":"api-gateway","timestamp":"2025-03-01T05:46:32.060Z"}
{"0":"s","1":"h","10":"n","11":"i","12":"6","13":"@","14":"g","15":"m","16":"a","17":"i","18":"l","19":".","2":"i","20":"c","21":"o","22":"m","3":"n","4":"i","5":"t","6":"h","7":"s","8":"h","9":"i","level":"info","message":"Email-service reached","service":"api-gateway","timestamp":"2025-03-01T05:46:32.062Z"}
{"level":"info","message":"Stored otp in Redis for user: otp:shinithshini6@gmail.com","service":"api-gateway","timestamp":"2025-03-01T05:46:32.096Z"}
{"level":"info","message":"Email sent to shinithshini6@gmail.com","service":"api-gateway","timestamp":"2025-03-01T05:46:35.263Z"}
{"level":"info","message":"RabbitMQ connected successfully","service":"api-gateway","timestamp":"2025-03-01T05:47:04.197Z"}
{"level":"info","message":" Queue \"OtpQueue\" is ready","service":"api-gateway","timestamp":"2025-03-01T05:47:04.216Z"}
{"level":"info","message":"Listening for messages on queue: \"OtpQueue\"...","service":"api-gateway","timestamp":"2025-03-01T05:47:04.223Z"}
{"email":"shinithshini6@gmail.com","level":"info","message":"Received message:","service":"api-gateway","timestamp":"2025-03-01T05:47:05.840Z"}
{"0":"s","1":"h","10":"n","11":"i","12":"6","13":"@","14":"g","15":"m","16":"a","17":"i","18":"l","19":".","2":"i","20":"c","21":"o","22":"m","3":"n","4":"i","5":"t","6":"h","7":"s","8":"h","9":"i","level":"info","message":"Email-service reached","service":"api-gateway","timestamp":"2025-03-01T05:47:05.842Z"}
{"level":"info","message":"Stored otp in Redis for user: otp:shinithshini6@gmail.com","service":"api-gateway","timestamp":"2025-03-01T05:47:05.857Z"}
{"level":"error","message":"Error sending email to shinithshini6@gmail.com: Missing credentials for \"PLAIN\"","service":"api-gateway","timestamp":"2025-03-01T05:47:07.031Z"}
{"level":"error","message":"Error processing message: Error: Email sending failed.","service":"api-gateway","timestamp":"2025-03-01T05:47:07.032Z"}
{"email":"shinithshini6@gmail.com","level":"info","message":"Received message:","service":"api-gateway","timestamp":"2025-03-01T05:47:07.040Z"}
{"0":"s","1":"h","10":"n","11":"i","12":"6","13":"@","14":"g","15":"m","16":"a","17":"i","18":"l","19":".","2":"i","20":"c","21":"o","22":"m","3":"n","4":"i","5":"t","6":"h","7":"s","8":"h","9":"i","level":"info","message":"Email-service reached","service":"api-gateway","timestamp":"2025-03-01T05:47:07.041Z"}
{"level":"info","message":"Stored otp in Redis for user: otp:shinithshini6@gmail.com","service":"api-gateway","timestamp":"2025-03-01T05:47:07.050Z"}
{"level":"error","message":"Error sending email to shinithshini6@gmail.com: Missing credentials for \"PLAIN\"","service":"api-gateway","timestamp":"2025-03-01T05:47:08.066Z"}
{"level":"error","message":"Error processing message: Error: Email sending failed.","service":"api-gateway","timestamp":"2025-03-01T05:47:08.067Z"}
{"email":"shinithshini6@gmail.com","level":"info","message":"Received message:","service":"api-gateway","timestamp":"2025-03-01T05:47:08.072Z"}
{"0":"s","1":"h","10":"n","11":"i","12":"6","13":"@","14":"g","15":"m","16":"a","17":"i","18":"l","19":".","2":"i","20":"c","21":"o","22":"m","3":"n","4":"i","5":"t","6":"h","7":"s","8":"h","9":"i","level":"info","message":"Email-service reached","service":"api-gateway","timestamp":"2025-03-01T05:47:08.074Z"}
{"level":"info","message":"Stored otp in Redis for user: otp:shinithshini6@gmail.com","service":"api-gateway","timestamp":"2025-03-01T05:47:08.081Z"}
{"level":"error","message":"Error sending email to shinithshini6@gmail.com: Missing credentials for \"PLAIN\"","service":"api-gateway","timestamp":"2025-03-01T05:47:09.978Z"}
{"level":"error","message":"Error processing message: Error: Email sending failed.","service":"api-gateway","timestamp":"2025-03-01T05:47:09.980Z"}
{"email":"shinithshini6@gmail.com","level":"info","message":"Received message:","service":"api-gateway","timestamp":"2025-03-01T05:47:09.985Z"}
{"0":"s","1":"h","10":"n","11":"i","12":"6","13":"@","14":"g","15":"m","16":"a","17":"i","18":"l","19":".","2":"i","20":"c","21":"o","22":"m","3":"n","4":"i","5":"t","6":"h","7":"s","8":"h","9":"i","level":"info","message":"Email-service reached","service":"api-gateway","timestamp":"2025-03-01T05:47:09.986Z"}
{"level":"info","message":"Stored otp in Redis for user: otp:shinithshini6@gmail.com","service":"api-gateway","timestamp":"2025-03-01T05:47:09.995Z"}
{"level":"error","message":"Error sending email to shinithshini6@gmail.com: Missing credentials for \"PLAIN\"","service":"api-gateway","timestamp":"2025-03-01T05:47:11.257Z"}
{"level":"error","message":"Error processing message: Error: Email sending failed.","service":"api-gateway","timestamp":"2025-03-01T05:47:11.258Z"}
{"email":"shinithshini6@gmail.com","level":"info","message":"Received message:","service":"api-gateway","timestamp":"2025-03-01T05:47:11.264Z"}
{"0":"s","1":"h","10":"n","11":"i","12":"6","13":"@","14":"g","15":"m","16":"a","17":"i","18":"l","19":".","2":"i","20":"c","21":"o","22":"m","3":"n","4":"i","5":"t","6":"h","7":"s","8":"h","9":"i","level":"info","message":"Email-service reached","service":"api-gateway","timestamp":"2025-03-01T05:47:11.265Z"}
{"level":"info","message":"Stored otp in Redis for user: otp:shinithshini6@gmail.com","service":"api-gateway","timestamp":"2025-03-01T05:47:11.275Z"}
{"level":"error","message":"Error sending email to shinithshini6@gmail.com: Missing credentials for \"PLAIN\"","service":"api-gateway","timestamp":"2025-03-01T05:47:12.512Z"}
{"level":"error","message":"Error processing message: Error: Email sending failed.","service":"api-gateway","timestamp":"2025-03-01T05:47:12.514Z"}
{"email":"shinithshini6@gmail.com","level":"info","message":"Received message:","service":"api-gateway","timestamp":"2025-03-01T05:47:12.519Z"}
{"0":"s","1":"h","10":"n","11":"i","12":"6","13":"@","14":"g","15":"m","16":"a","17":"i","18":"l","19":".","2":"i","20":"c","21":"o","22":"m","3":"n","4":"i","5":"t","6":"h","7":"s","8":"h","9":"i","level":"info","message":"Email-service reached","service":"api-gateway","timestamp":"2025-03-01T05:47:12.520Z"}
{"level":"info","message":"Stored otp in Redis for user: otp:shinithshini6@gmail.com","service":"api-gateway","timestamp":"2025-03-01T05:47:12.529Z"}
{"level":"error","message":"Error sending email to shinithshini6@gmail.com: Missing credentials for \"PLAIN\"","service":"api-gateway","timestamp":"2025-03-01T05:47:13.556Z"}
{"level":"error","message":"Error processing message: Error: Email sending failed.","service":"api-gateway","timestamp":"2025-03-01T05:47:13.557Z"}
{"email":"shinithshini6@gmail.com","level":"info","message":"Received message:","service":"api-gateway","timestamp":"2025-03-01T05:47:13.562Z"}
{"0":"s","1":"h","10":"n","11":"i","12":"6","13":"@","14":"g","15":"m","16":"a","17":"i","18":"l","19":".","2":"i","20":"c","21":"o","22":"m","3":"n","4":"i","5":"t","6":"h","7":"s","8":"h","9":"i","level":"info","message":"Email-service reached","service":"api-gateway","timestamp":"2025-03-01T05:47:13.563Z"}
{"level":"info","message":"Stored otp in Redis for user: otp:shinithshini6@gmail.com","service":"api-gateway","timestamp":"2025-03-01T05:47:13.572Z"}
{"level":"error","message":"Error sending email to shinithshini6@gmail.com: Missing credentials for \"PLAIN\"","service":"api-gateway","timestamp":"2025-03-01T05:47:14.778Z"}
{"level":"error","message":"Error processing message: Error: Email sending failed.","service":"api-gateway","timestamp":"2025-03-01T05:47:14.780Z"}
{"email":"shinithshini6@gmail.com","level":"info","message":"Received message:","service":"api-gateway","timestamp":"2025-03-01T05:47:14.785Z"}
{"0":"s","1":"h","10":"n","11":"i","12":"6","13":"@","14":"g","15":"m","16":"a","17":"i","18":"l","19":".","2":"i","20":"c","21":"o","22":"m","3":"n","4":"i","5":"t","6":"h","7":"s","8":"h","9":"i","level":"info","message":"Email-service reached","service":"api-gateway","timestamp":"2025-03-01T05:47:14.786Z"}
{"level":"info","message":"Stored otp in Redis for user: otp:shinithshini6@gmail.com","service":"api-gateway","timestamp":"2025-03-01T05:47:14.795Z"}
{"level":"error","message":"Error sending email to shinithshini6@gmail.com: Missing credentials for \"PLAIN\"","service":"api-gateway","timestamp":"2025-03-01T05:47:15.808Z"}
{"level":"error","message":"Error processing message: Error: Email sending failed.","service":"api-gateway","timestamp":"2025-03-01T05:47:15.810Z"}
{"email":"shinithshini6@gmail.com","level":"info","message":"Received message:","service":"api-gateway","timestamp":"2025-03-01T05:47:15.816Z"}
{"0":"s","1":"h","10":"n","11":"i","12":"6","13":"@","14":"g","15":"m","16":"a","17":"i","18":"l","19":".","2":"i","20":"c","21":"o","22":"m","3":"n","4":"i","5":"t","6":"h","7":"s","8":"h","9":"i","level":"info","message":"Email-service reached","service":"api-gateway","timestamp":"2025-03-01T05:47:15.818Z"}
{"level":"info","message":"Stored otp in Redis for user: otp:shinithshini6@gmail.com","service":"api-gateway","timestamp":"2025-03-01T05:47:15.829Z"}
{"level":"error","message":"Error sending email to shinithshini6@gmail.com: Missing credentials for \"PLAIN\"","service":"api-gateway","timestamp":"2025-03-01T05:47:17.021Z"}
{"level":"error","message":"Error processing message: Error: Email sending failed.","service":"api-gateway","timestamp":"2025-03-01T05:47:17.022Z"}
{"email":"shinithshini6@gmail.com","level":"info","message":"Received message:","service":"api-gateway","timestamp":"2025-03-01T05:47:17.029Z"}
{"0":"s","1":"h","10":"n","11":"i","12":"6","13":"@","14":"g","15":"m","16":"a","17":"i","18":"l","19":".","2":"i","20":"c","21":"o","22":"m","3":"n","4":"i","5":"t","6":"h","7":"s","8":"h","9":"i","level":"info","message":"Email-service reached","service":"api-gateway","timestamp":"2025-03-01T05:47:17.030Z"}
{"level":"info","message":"Stored otp in Redis for user: otp:shinithshini6@gmail.com","service":"api-gateway","timestamp":"2025-03-01T05:47:17.039Z"}
{"level":"error","message":"Error sending email to shinithshini6@gmail.com: Missing credentials for \"PLAIN\"","service":"api-gateway","timestamp":"2025-03-01T05:47:18.212Z"}
{"level":"error","message":"Error processing message: Error: Email sending failed.","service":"api-gateway","timestamp":"2025-03-01T05:47:18.213Z"}
{"email":"shinithshini6@gmail.com","level":"info","message":"Received message:","service":"api-gateway","timestamp":"2025-03-01T05:47:18.220Z"}
{"0":"s","1":"h","10":"n","11":"i","12":"6","13":"@","14":"g","15":"m","16":"a","17":"i","18":"l","19":".","2":"i","20":"c","21":"o","22":"m","3":"n","4":"i","5":"t","6":"h","7":"s","8":"h","9":"i","level":"info","message":"Email-service reached","service":"api-gateway","timestamp":"2025-03-01T05:47:18.221Z"}
{"level":"info","message":"Stored otp in Redis for user: otp:shinithshini6@gmail.com","service":"api-gateway","timestamp":"2025-03-01T05:47:18.229Z"}
{"level":"error","message":"Error sending email to shinithshini6@gmail.com: Missing credentials for \"PLAIN\"","service":"api-gateway","timestamp":"2025-03-01T05:47:20.143Z"}
{"level":"error","message":"Error processing message: Error: Email sending failed.","service":"api-gateway","timestamp":"2025-03-01T05:47:20.144Z"}
{"email":"shinithshini6@gmail.com","level":"info","message":"Received message:","service":"api-gateway","timestamp":"2025-03-01T05:47:20.149Z"}
{"0":"s","1":"h","10":"n","11":"i","12":"6","13":"@","14":"g","15":"m","16":"a","17":"i","18":"l","19":".","2":"i","20":"c","21":"o","22":"m","3":"n","4":"i","5":"t","6":"h","7":"s","8":"h","9":"i","level":"info","message":"Email-service reached","service":"api-gateway","timestamp":"2025-03-01T05:47:20.150Z"}
{"level":"info","message":"Stored otp in Redis for user: otp:shinithshini6@gmail.com","service":"api-gateway","timestamp":"2025-03-01T05:47:20.158Z"}
{"level":"error","message":"Error sending email to shinithshini6@gmail.com: Missing credentials for \"PLAIN\"","service":"api-gateway","timestamp":"2025-03-01T05:47:21.241Z"}
{"level":"error","message":"Error processing message: Error: Email sending failed.","service":"api-gateway","timestamp":"2025-03-01T05:47:21.242Z"}
{"email":"shinithshini6@gmail.com","level":"info","message":"Received message:","service":"api-gateway","timestamp":"2025-03-01T05:47:21.248Z"}
{"0":"s","1":"h","10":"n","11":"i","12":"6","13":"@","14":"g","15":"m","16":"a","17":"i","18":"l","19":".","2":"i","20":"c","21":"o","22":"m","3":"n","4":"i","5":"t","6":"h","7":"s","8":"h","9":"i","level":"info","message":"Email-service reached","service":"api-gateway","timestamp":"2025-03-01T05:47:21.249Z"}
{"level":"info","message":"Stored otp in Redis for user: otp:shinithshini6@gmail.com","service":"api-gateway","timestamp":"2025-03-01T05:47:21.262Z"}
{"level":"error","message":"Error sending email to shinithshini6@gmail.com: Missing credentials for \"PLAIN\"","service":"api-gateway","timestamp":"2025-03-01T05:47:22.373Z"}
{"level":"error","message":"Error processing message: Error: Email sending failed.","service":"api-gateway","timestamp":"2025-03-01T05:47:22.375Z"}
{"email":"shinithshini6@gmail.com","level":"info","message":"Received message:","service":"api-gateway","timestamp":"2025-03-01T05:47:22.381Z"}
{"0":"s","1":"h","10":"n","11":"i","12":"6","13":"@","14":"g","15":"m","16":"a","17":"i","18":"l","19":".","2":"i","20":"c","21":"o","22":"m","3":"n","4":"i","5":"t","6":"h","7":"s","8":"h","9":"i","level":"info","message":"Email-service reached","service":"api-gateway","timestamp":"2025-03-01T05:47:22.382Z"}
{"level":"info","message":"Stored otp in Redis for user: otp:shinithshini6@gmail.com","service":"api-gateway","timestamp":"2025-03-01T05:47:22.395Z"}
{"level":"info","message":"RabbitMQ connected successfully","service":"api-gateway","timestamp":"2025-03-01T05:47:33.981Z"}
{"level":"info","message":" Queue \"OtpQueue\" is ready","service":"api-gateway","timestamp":"2025-03-01T05:47:33.997Z"}
{"level":"info","message":"Listening for messages on queue: \"OtpQueue\"...","service":"api-gateway","timestamp":"2025-03-01T05:47:34.005Z"}
{"email":"shinithshini6@gmail.com","level":"info","message":"Received message:","service":"api-gateway","timestamp":"2025-03-01T05:47:34.015Z"}
{"0":"s","1":"h","10":"n","11":"i","12":"6","13":"@","14":"g","15":"m","16":"a","17":"i","18":"l","19":".","2":"i","20":"c","21":"o","22":"m","3":"n","4":"i","5":"t","6":"h","7":"s","8":"h","9":"i","level":"info","message":"Email-service reached","service":"api-gateway","timestamp":"2025-03-01T05:47:34.017Z"}
{"level":"info","message":"Stored otp in Redis for user: otp:shinithshini6@gmail.com","service":"api-gateway","timestamp":"2025-03-01T05:47:34.048Z"}
{"level":"error","message":"Error sending email to shinithshini6@gmail.com: Missing credentials for \"PLAIN\"","service":"api-gateway","timestamp":"2025-03-01T05:47:36.005Z"}
{"level":"error","message":"Error processing message: Error: Email sending failed.","service":"api-gateway","timestamp":"2025-03-01T05:47:36.008Z"}
{"email":"shinithshini6@gmail.com","level":"info","message":"Received message:","service":"api-gateway","timestamp":"2025-03-01T05:47:36.015Z"}
{"0":"s","1":"h","10":"n","11":"i","12":"6","13":"@","14":"g","15":"m","16":"a","17":"i","18":"l","19":".","2":"i","20":"c","21":"o","22":"m","3":"n","4":"i","5":"t","6":"h","7":"s","8":"h","9":"i","level":"info","message":"Email-service reached","service":"api-gateway","timestamp":"2025-03-01T05:47:36.017Z"}
{"level":"info","message":"Stored otp in Redis for user: otp:shinithshini6@gmail.com","service":"api-gateway","timestamp":"2025-03-01T05:47:36.024Z"}
{"level":"error","message":"Error sending email to shinithshini6@gmail.com: Missing credentials for \"PLAIN\"","service":"api-gateway","timestamp":"2025-03-01T05:47:37.135Z"}
{"level":"error","message":"Error processing message: Error: Email sending failed.","service":"api-gateway","timestamp":"2025-03-01T05:47:37.138Z"}
{"email":"shinithshini6@gmail.com","level":"info","message":"Received message:","service":"api-gateway","timestamp":"2025-03-01T05:47:37.145Z"}
{"0":"s","1":"h","10":"n","11":"i","12":"6","13":"@","14":"g","15":"m","16":"a","17":"i","18":"l","19":".","2":"i","20":"c","21":"o","22":"m","3":"n","4":"i","5":"t","6":"h","7":"s","8":"h","9":"i","level":"info","message":"Email-service reached","service":"api-gateway","timestamp":"2025-03-01T05:47:37.148Z"}
{"level":"info","message":"Stored otp in Redis for user: otp:shinithshini6@gmail.com","service":"api-gateway","timestamp":"2025-03-01T05:47:37.155Z"}
{"level":"error","message":"Error sending email to shinithshini6@gmail.com: Missing credentials for \"PLAIN\"","service":"api-gateway","timestamp":"2025-03-01T05:47:39.100Z"}
{"level":"error","message":"Error processing message: Error: Email sending failed.","service":"api-gateway","timestamp":"2025-03-01T05:47:39.102Z"}
{"email":"shinithshini6@gmail.com","level":"info","message":"Received message:","service":"api-gateway","timestamp":"2025-03-01T05:47:39.107Z"}
{"0":"s","1":"h","10":"n","11":"i","12":"6","13":"@","14":"g","15":"m","16":"a","17":"i","18":"l","19":".","2":"i","20":"c","21":"o","22":"m","3":"n","4":"i","5":"t","6":"h","7":"s","8":"h","9":"i","level":"info","message":"Email-service reached","service":"api-gateway","timestamp":"2025-03-01T05:47:39.110Z"}
{"level":"info","message":"Stored otp in Redis for user: otp:shinithshini6@gmail.com","service":"api-gateway","timestamp":"2025-03-01T05:47:39.115Z"}
{"level":"error","message":"Error sending email to shinithshini6@gmail.com: Missing credentials for \"PLAIN\"","service":"api-gateway","timestamp":"2025-03-01T05:47:40.929Z"}
{"level":"error","message":"Error processing message: Error: Email sending failed.","service":"api-gateway","timestamp":"2025-03-01T05:47:40.930Z"}
{"email":"shinithshini6@gmail.com","level":"info","message":"Received message:","service":"api-gateway","timestamp":"2025-03-01T05:47:40.935Z"}
{"0":"s","1":"h","10":"n","11":"i","12":"6","13":"@","14":"g","15":"m","16":"a","17":"i","18":"l","19":".","2":"i","20":"c","21":"o","22":"m","3":"n","4":"i","5":"t","6":"h","7":"s","8":"h","9":"i","level":"info","message":"Email-service reached","service":"api-gateway","timestamp":"2025-03-01T05:47:40.936Z"}
{"level":"info","message":"Stored otp in Redis for user: otp:shinithshini6@gmail.com","service":"api-gateway","timestamp":"2025-03-01T05:47:40.942Z"}
{"level":"error","message":"Error sending email to shinithshini6@gmail.com: Missing credentials for \"PLAIN\"","service":"api-gateway","timestamp":"2025-03-01T05:47:42.056Z"}
{"level":"error","message":"Error processing message: Error: Email sending failed.","service":"api-gateway","timestamp":"2025-03-01T05:47:42.058Z"}
{"email":"shinithshini6@gmail.com","level":"info","message":"Received message:","service":"api-gateway","timestamp":"2025-03-01T05:47:42.064Z"}
{"0":"s","1":"h","10":"n","11":"i","12":"6","13":"@","14":"g","15":"m","16":"a","17":"i","18":"l","19":".","2":"i","20":"c","21":"o","22":"m","3":"n","4":"i","5":"t","6":"h","7":"s","8":"h","9":"i","level":"info","message":"Email-service reached","service":"api-gateway","timestamp":"2025-03-01T05:47:42.065Z"}
{"level":"info","message":"Stored otp in Redis for user: otp:shinithshini6@gmail.com","service":"api-gateway","timestamp":"2025-03-01T05:47:42.073Z"}
{"level":"error","message":"Error sending email to shinithshini6@gmail.com: Missing credentials for \"PLAIN\"","service":"api-gateway","timestamp":"2025-03-01T05:47:43.261Z"}
{"level":"error","message":"Error processing message: Error: Email sending failed.","service":"api-gateway","timestamp":"2025-03-01T05:47:43.262Z"}
{"email":"shinithshini6@gmail.com","level":"info","message":"Received message:","service":"api-gateway","timestamp":"2025-03-01T05:47:43.268Z"}
{"0":"s","1":"h","10":"n","11":"i","12":"6","13":"@","14":"g","15":"m","16":"a","17":"i","18":"l","19":".","2":"i","20":"c","21":"o","22":"m","3":"n","4":"i","5":"t","6":"h","7":"s","8":"h","9":"i","level":"info","message":"Email-service reached","service":"api-gateway","timestamp":"2025-03-01T05:47:43.270Z"}
{"level":"info","message":"Stored otp in Redis for user: otp:shinithshini6@gmail.com","service":"api-gateway","timestamp":"2025-03-01T05:47:43.280Z"}
{"level":"error","message":"Error sending email to shinithshini6@gmail.com: Missing credentials for \"PLAIN\"","service":"api-gateway","timestamp":"2025-03-01T05:47:44.543Z"}
{"level":"error","message":"Error processing message: Error: Email sending failed.","service":"api-gateway","timestamp":"2025-03-01T05:47:44.544Z"}
{"email":"shinithshini6@gmail.com","level":"info","message":"Received message:","service":"api-gateway","timestamp":"2025-03-01T05:47:44.550Z"}
{"0":"s","1":"h","10":"n","11":"i","12":"6","13":"@","14":"g","15":"m","16":"a","17":"i","18":"l","19":".","2":"i","20":"c","21":"o","22":"m","3":"n","4":"i","5":"t","6":"h","7":"s","8":"h","9":"i","level":"info","message":"Email-service reached","service":"api-gateway","timestamp":"2025-03-01T05:47:44.551Z"}
{"level":"info","message":"Stored otp in Redis for user: otp:shinithshini6@gmail.com","service":"api-gateway","timestamp":"2025-03-01T05:47:44.559Z"}
{"level":"error","message":"Error sending email to shinithshini6@gmail.com: Missing credentials for \"PLAIN\"","service":"api-gateway","timestamp":"2025-03-01T05:47:45.822Z"}
{"level":"error","message":"Error processing message: Error: Email sending failed.","service":"api-gateway","timestamp":"2025-03-01T05:47:45.824Z"}
{"email":"shinithshini6@gmail.com","level":"info","message":"Received message:","service":"api-gateway","timestamp":"2025-03-01T05:47:45.829Z"}
{"0":"s","1":"h","10":"n","11":"i","12":"6","13":"@","14":"g","15":"m","16":"a","17":"i","18":"l","19":".","2":"i","20":"c","21":"o","22":"m","3":"n","4":"i","5":"t","6":"h","7":"s","8":"h","9":"i","level":"info","message":"Email-service reached","service":"api-gateway","timestamp":"2025-03-01T05:47:45.830Z"}
{"level":"info","message":"Stored otp in Redis for user: otp:shinithshini6@gmail.com","service":"api-gateway","timestamp":"2025-03-01T05:47:45.843Z"}
{"level":"error","message":"Error sending email to shinithshini6@gmail.com: Missing credentials for \"PLAIN\"","service":"api-gateway","timestamp":"2025-03-01T05:47:47.743Z"}
{"level":"error","message":"Error processing message: Error: Email sending failed.","service":"api-gateway","timestamp":"2025-03-01T05:47:47.744Z"}
{"email":"shinithshini6@gmail.com","level":"info","message":"Received message:","service":"api-gateway","timestamp":"2025-03-01T05:47:47.750Z"}
{"0":"s","1":"h","10":"n","11":"i","12":"6","13":"@","14":"g","15":"m","16":"a","17":"i","18":"l","19":".","2":"i","20":"c","21":"o","22":"m","3":"n","4":"i","5":"t","6":"h","7":"s","8":"h","9":"i","level":"info","message":"Email-service reached","service":"api-gateway","timestamp":"2025-03-01T05:47:47.751Z"}
{"level":"info","message":"Stored otp in Redis for user: otp:shinithshini6@gmail.com","service":"api-gateway","timestamp":"2025-03-01T05:47:47.761Z"}
{"level":"error","message":"Error sending email to shinithshini6@gmail.com: Missing credentials for \"PLAIN\"","service":"api-gateway","timestamp":"2025-03-01T05:47:49.822Z"}
{"level":"error","message":"Error processing message: Error: Email sending failed.","service":"api-gateway","timestamp":"2025-03-01T05:47:49.825Z"}
{"email":"shinithshini6@gmail.com","level":"info","message":"Received message:","service":"api-gateway","timestamp":"2025-03-01T05:47:49.833Z"}
{"0":"s","1":"h","10":"n","11":"i","12":"6","13":"@","14":"g","15":"m","16":"a","17":"i","18":"l","19":".","2":"i","20":"c","21":"o","22":"m","3":"n","4":"i","5":"t","6":"h","7":"s","8":"h","9":"i","level":"info","message":"Email-service reached","service":"api-gateway","timestamp":"2025-03-01T05:47:49.834Z"}
{"level":"info","message":"Stored otp in Redis for user: otp:shinithshini6@gmail.com","service":"api-gateway","timestamp":"2025-03-01T05:47:49.843Z"}
{"level":"error","message":"Error sending email to shinithshini6@gmail.com: Missing credentials for \"PLAIN\"","service":"api-gateway","timestamp":"2025-03-01T05:47:51.104Z"}
{"level":"error","message":"Error processing message: Error: Email sending failed.","service":"api-gateway","timestamp":"2025-03-01T05:47:51.106Z"}
{"email":"shinithshini6@gmail.com","level":"info","message":"Received message:","service":"api-gateway","timestamp":"2025-03-01T05:47:51.112Z"}
{"0":"s","1":"h","10":"n","11":"i","12":"6","13":"@","14":"g","15":"m","16":"a","17":"i","18":"l","19":".","2":"i","20":"c","21":"o","22":"m","3":"n","4":"i","5":"t","6":"h","7":"s","8":"h","9":"i","level":"info","message":"Email-service reached","service":"api-gateway","timestamp":"2025-03-01T05:47:51.114Z"}
{"level":"info","message":"Stored otp in Redis for user: otp:shinithshini6@gmail.com","service":"api-gateway","timestamp":"2025-03-01T05:47:51.125Z"}
{"level":"error","message":"Error sending email to shinithshini6@gmail.com: Missing credentials for \"PLAIN\"","service":"api-gateway","timestamp":"2025-03-01T05:47:52.385Z"}
{"level":"error","message":"Error processing message: Error: Email sending failed.","service":"api-gateway","timestamp":"2025-03-01T05:47:52.387Z"}
{"email":"shinithshini6@gmail.com","level":"info","message":"Received message:","service":"api-gateway","timestamp":"2025-03-01T05:47:52.394Z"}
{"0":"s","1":"h","10":"n","11":"i","12":"6","13":"@","14":"g","15":"m","16":"a","17":"i","18":"l","19":".","2":"i","20":"c","21":"o","22":"m","3":"n","4":"i","5":"t","6":"h","7":"s","8":"h","9":"i","level":"info","message":"Email-service reached","service":"api-gateway","timestamp":"2025-03-01T05:47:52.395Z"}
{"level":"info","message":"Stored otp in Redis for user: otp:shinithshini6@gmail.com","service":"api-gateway","timestamp":"2025-03-01T05:47:52.405Z"}
{"level":"error","message":"Error sending email to shinithshini6@gmail.com: Missing credentials for \"PLAIN\"","service":"api-gateway","timestamp":"2025-03-01T05:47:53.664Z"}
{"level":"error","message":"Error processing message: Error: Email sending failed.","service":"api-gateway","timestamp":"2025-03-01T05:47:53.665Z"}
{"email":"shinithshini6@gmail.com","level":"info","message":"Received message:","service":"api-gateway","timestamp":"2025-03-01T05:47:53.670Z"}
{"0":"s","1":"h","10":"n","11":"i","12":"6","13":"@","14":"g","15":"m","16":"a","17":"i","18":"l","19":".","2":"i","20":"c","21":"o","22":"m","3":"n","4":"i","5":"t","6":"h","7":"s","8":"h","9":"i","level":"info","message":"Email-service reached","service":"api-gateway","timestamp":"2025-03-01T05:47:53.671Z"}
{"level":"info","message":"Stored otp in Redis for user: otp:shinithshini6@gmail.com","service":"api-gateway","timestamp":"2025-03-01T05:47:53.681Z"}
{"level":"error","message":"Error sending email to shinithshini6@gmail.com: Missing credentials for \"PLAIN\"","service":"api-gateway","timestamp":"2025-03-01T05:47:54.943Z"}
{"level":"error","message":"Error processing message: Error: Email sending failed.","service":"api-gateway","timestamp":"2025-03-01T05:47:54.945Z"}
{"email":"shinithshini6@gmail.com","level":"info","message":"Received message:","service":"api-gateway","timestamp":"2025-03-01T05:47:54.950Z"}
{"0":"s","1":"h","10":"n","11":"i","12":"6","13":"@","14":"g","15":"m","16":"a","17":"i","18":"l","19":".","2":"i","20":"c","21":"o","22":"m","3":"n","4":"i","5":"t","6":"h","7":"s","8":"h","9":"i","level":"info","message":"Email-service reached","service":"api-gateway","timestamp":"2025-03-01T05:47:54.951Z"}
{"level":"info","message":"Stored otp in Redis for user: otp:shinithshini6@gmail.com","service":"api-gateway","timestamp":"2025-03-01T05:47:54.959Z"}
{"level":"error","message":"Error sending email to shinithshini6@gmail.com: Missing credentials for \"PLAIN\"","service":"api-gateway","timestamp":"2025-03-01T05:47:56.152Z"}
{"level":"error","message":"Error processing message: Error: Email sending failed.","service":"api-gateway","timestamp":"2025-03-01T05:47:56.154Z"}
{"email":"shinithshini6@gmail.com","level":"info","message":"Received message:","service":"api-gateway","timestamp":"2025-03-01T05:47:56.160Z"}
{"0":"s","1":"h","10":"n","11":"i","12":"6","13":"@","14":"g","15":"m","16":"a","17":"i","18":"l","19":".","2":"i","20":"c","21":"o","22":"m","3":"n","4":"i","5":"t","6":"h","7":"s","8":"h","9":"i","level":"info","message":"Email-service reached","service":"api-gateway","timestamp":"2025-03-01T05:47:56.161Z"}
{"level":"info","message":"Stored otp in Redis for user: otp:shinithshini6@gmail.com","service":"api-gateway","timestamp":"2025-03-01T05:47:56.167Z"}
{"level":"error","message":"Error sending email to shinithshini6@gmail.com: Missing credentials for \"PLAIN\"","service":"api-gateway","timestamp":"2025-03-01T05:47:57.341Z"}
{"level":"error","message":"Error processing message: Error: Email sending failed.","service":"api-gateway","timestamp":"2025-03-01T05:47:57.342Z"}
{"email":"shinithshini6@gmail.com","level":"info","message":"Received message:","service":"api-gateway","timestamp":"2025-03-01T05:47:57.348Z"}
{"0":"s","1":"h","10":"n","11":"i","12":"6","13":"@","14":"g","15":"m","16":"a","17":"i","18":"l","19":".","2":"i","20":"c","21":"o","22":"m","3":"n","4":"i","5":"t","6":"h","7":"s","8":"h","9":"i","level":"info","message":"Email-service reached","service":"api-gateway","timestamp":"2025-03-01T05:47:57.350Z"}
{"level":"info","message":"Stored otp in Redis for user: otp:shinithshini6@gmail.com","service":"api-gateway","timestamp":"2025-03-01T05:47:57.359Z"}
{"level":"error","message":"Error sending email to shinithshini6@gmail.com: Missing credentials for \"PLAIN\"","service":"api-gateway","timestamp":"2025-03-01T05:47:58.623Z"}
{"level":"error","message":"Error processing message: Error: Email sending failed.","service":"api-gateway","timestamp":"2025-03-01T05:47:58.624Z"}
{"email":"shinithshini6@gmail.com","level":"info","message":"Received message:","service":"api-gateway","timestamp":"2025-03-01T05:47:58.630Z"}
{"0":"s","1":"h","10":"n","11":"i","12":"6","13":"@","14":"g","15":"m","16":"a","17":"i","18":"l","19":".","2":"i","20":"c","21":"o","22":"m","3":"n","4":"i","5":"t","6":"h","7":"s","8":"h","9":"i","level":"info","message":"Email-service reached","service":"api-gateway","timestamp":"2025-03-01T05:47:58.631Z"}
{"level":"info","message":"Stored otp in Redis for user: otp:shinithshini6@gmail.com","service":"api-gateway","timestamp":"2025-03-01T05:47:58.638Z"}
{"level":"info","message":"RabbitMQ connected successfully","service":"api-gateway","timestamp":"2025-03-01T05:48:50.273Z"}
{"level":"info","message":" Queue \"OtpQueue\" is ready","service":"api-gateway","timestamp":"2025-03-01T05:48:50.287Z"}
{"level":"info","message":"Listening for messages on queue: \"OtpQueue\"...","service":"api-gateway","timestamp":"2025-03-01T05:48:50.293Z"}
{"email":"shinithshini6@gmail.com","level":"info","message":"Received message:","service":"api-gateway","timestamp":"2025-03-01T05:48:50.304Z"}
{"level":"info","message":"Email-service reached","service":"api-gateway","timestamp":"2025-03-01T05:48:50.307Z"}
{"level":"info","message":"Stored otp in Redis for user: otp:shinithshini6@gmail.com","service":"api-gateway","timestamp":"2025-03-01T05:48:50.331Z"}
{"level":"error","message":"Error sending email to shinithshini6@gmail.com: Missing credentials for \"PLAIN\"","service":"api-gateway","timestamp":"2025-03-01T05:48:52.389Z"}
{"level":"error","message":"Error processing message: Error: Email sending failed.","service":"api-gateway","timestamp":"2025-03-01T05:48:52.391Z"}
{"email":"shinithshini6@gmail.com","level":"info","message":"Received message:","service":"api-gateway","timestamp":"2025-03-01T05:48:52.400Z"}
{"level":"info","message":"Email-service reached","service":"api-gateway","timestamp":"2025-03-01T05:48:52.403Z"}
{"level":"info","message":"Stored otp in Redis for user: otp:shinithshini6@gmail.com","service":"api-gateway","timestamp":"2025-03-01T05:48:52.412Z"}
{"level":"error","message":"Error sending email to shinithshini6@gmail.com: Missing credentials for \"PLAIN\"","service":"api-gateway","timestamp":"2025-03-01T05:48:53.663Z"}
{"level":"error","message":"Error processing message: Error: Email sending failed.","service":"api-gateway","timestamp":"2025-03-01T05:48:53.664Z"}
{"email":"shinithshini6@gmail.com","level":"info","message":"Received message:","service":"api-gateway","timestamp":"2025-03-01T05:48:53.671Z"}
{"level":"info","message":"Email-service reached","service":"api-gateway","timestamp":"2025-03-01T05:48:53.672Z"}
{"level":"info","message":"Stored otp in Redis for user: otp:shinithshini6@gmail.com","service":"api-gateway","timestamp":"2025-03-01T05:48:53.680Z"}
{"level":"error","message":"Error sending email to shinithshini6@gmail.com: Missing credentials for \"PLAIN\"","service":"api-gateway","timestamp":"2025-03-01T05:48:55.741Z"}
{"level":"error","message":"Error processing message: Error: Email sending failed.","service":"api-gateway","timestamp":"2025-03-01T05:48:55.744Z"}
{"email":"shinithshini6@gmail.com","level":"info","message":"Received message:","service":"api-gateway","timestamp":"2025-03-01T05:48:55.751Z"}
{"level":"info","message":"Email-service reached","service":"api-gateway","timestamp":"2025-03-01T05:48:55.753Z"}
{"level":"info","message":"Stored otp in Redis for user: otp:shinithshini6@gmail.com","service":"api-gateway","timestamp":"2025-03-01T05:48:55.762Z"}
{"level":"error","message":"Error sending email to shinithshini6@gmail.com: Missing credentials for \"PLAIN\"","service":"api-gateway","timestamp":"2025-03-01T05:48:56.827Z"}
{"level":"error","message":"Error processing message: Error: Email sending failed.","service":"api-gateway","timestamp":"2025-03-01T05:48:56.829Z"}
{"email":"shinithshini6@gmail.com","level":"info","message":"Received message:","service":"api-gateway","timestamp":"2025-03-01T05:48:56.835Z"}
{"level":"info","message":"Email-service reached","service":"api-gateway","timestamp":"2025-03-01T05:48:56.836Z"}
{"level":"info","message":"Stored otp in Redis for user: otp:shinithshini6@gmail.com","service":"api-gateway","timestamp":"2025-03-01T05:48:56.845Z"}
{"level":"error","message":"Error sending email to shinithshini6@gmail.com: Missing credentials for \"PLAIN\"","service":"api-gateway","timestamp":"2025-03-01T05:48:58.218Z"}
{"level":"error","message":"Error processing message: Error: Email sending failed.","service":"api-gateway","timestamp":"2025-03-01T05:48:58.219Z"}
{"email":"shinithshini6@gmail.com","level":"info","message":"Received message:","service":"api-gateway","timestamp":"2025-03-01T05:48:58.225Z"}
{"level":"info","message":"Email-service reached","service":"api-gateway","timestamp":"2025-03-01T05:48:58.226Z"}
{"level":"info","message":"Stored otp in Redis for user: otp:shinithshini6@gmail.com","service":"api-gateway","timestamp":"2025-03-01T05:48:58.234Z"}
{"level":"error","message":"Error sending email to shinithshini6@gmail.com: Missing credentials for \"PLAIN\"","service":"api-gateway","timestamp":"2025-03-01T05:49:00.225Z"}
{"level":"error","message":"Error processing message: Error: Email sending failed.","service":"api-gateway","timestamp":"2025-03-01T05:49:00.226Z"}
{"email":"shinithshini6@gmail.com","level":"info","message":"Received message:","service":"api-gateway","timestamp":"2025-03-01T05:49:00.232Z"}
{"level":"info","message":"Email-service reached","service":"api-gateway","timestamp":"2025-03-01T05:49:00.234Z"}
{"level":"info","message":"Stored otp in Redis for user: otp:shinithshini6@gmail.com","service":"api-gateway","timestamp":"2025-03-01T05:49:00.242Z"}
{"level":"error","message":"Error sending email to shinithshini6@gmail.com: Missing credentials for \"PLAIN\"","service":"api-gateway","timestamp":"2025-03-01T05:49:01.342Z"}
{"level":"error","message":"Error processing message: Error: Email sending failed.","service":"api-gateway","timestamp":"2025-03-01T05:49:01.344Z"}
{"email":"shinithshini6@gmail.com","level":"info","message":"Received message:","service":"api-gateway","timestamp":"2025-03-01T05:49:01.349Z"}
{"level":"info","message":"Email-service reached","service":"api-gateway","timestamp":"2025-03-01T05:49:01.351Z"}
{"level":"info","message":"Stored otp in Redis for user: otp:shinithshini6@gmail.com","service":"api-gateway","timestamp":"2025-03-01T05:49:01.359Z"}
{"level":"error","message":"Error sending email to shinithshini6@gmail.com: Missing credentials for \"PLAIN\"","service":"api-gateway","timestamp":"2025-03-01T05:49:03.340Z"}
{"level":"error","message":"Error processing message: Error: Email sending failed.","service":"api-gateway","timestamp":"2025-03-01T05:49:03.341Z"}
{"email":"shinithshini6@gmail.com","level":"info","message":"Received message:","service":"api-gateway","timestamp":"2025-03-01T05:49:03.347Z"}
{"level":"info","message":"Email-service reached","service":"api-gateway","timestamp":"2025-03-01T05:49:03.349Z"}
{"level":"info","message":"Stored otp in Redis for user: otp:shinithshini6@gmail.com","service":"api-gateway","timestamp":"2025-03-01T05:49:03.359Z"}
{"level":"error","message":"Error sending email to shinithshini6@gmail.com: Missing credentials for \"PLAIN\"","service":"api-gateway","timestamp":"2025-03-01T05:49:04.544Z"}
{"level":"error","message":"Error processing message: Error: Email sending failed.","service":"api-gateway","timestamp":"2025-03-01T05:49:04.546Z"}
{"email":"shinithshini6@gmail.com","level":"info","message":"Received message:","service":"api-gateway","timestamp":"2025-03-01T05:49:04.553Z"}
{"level":"info","message":"Email-service reached","service":"api-gateway","timestamp":"2025-03-01T05:49:04.555Z"}
{"level":"info","message":"Stored otp in Redis for user: otp:shinithshini6@gmail.com","service":"api-gateway","timestamp":"2025-03-01T05:49:04.563Z"}
{"level":"error","message":"Error sending email to shinithshini6@gmail.com: Missing credentials for \"PLAIN\"","service":"api-gateway","timestamp":"2025-03-01T05:49:05.824Z"}
{"level":"error","message":"Error processing message: Error: Email sending failed.","service":"api-gateway","timestamp":"2025-03-01T05:49:05.826Z"}
{"email":"shinithshini6@gmail.com","level":"info","message":"Received message:","service":"api-gateway","timestamp":"2025-03-01T05:49:05.832Z"}
{"level":"info","message":"Email-service reached","service":"api-gateway","timestamp":"2025-03-01T05:49:05.834Z"}
{"level":"info","message":"Stored otp in Redis for user: otp:shinithshini6@gmail.com","service":"api-gateway","timestamp":"2025-03-01T05:49:05.842Z"}
{"level":"error","message":"Error sending email to shinithshini6@gmail.com: Missing credentials for \"PLAIN\"","service":"api-gateway","timestamp":"2025-03-01T05:49:07.021Z"}
{"level":"error","message":"Error processing message: Error: Email sending failed.","service":"api-gateway","timestamp":"2025-03-01T05:49:07.023Z"}
{"email":"shinithshini6@gmail.com","level":"info","message":"Received message:","service":"api-gateway","timestamp":"2025-03-01T05:49:07.030Z"}
{"level":"info","message":"Email-service reached","service":"api-gateway","timestamp":"2025-03-01T05:49:07.032Z"}
{"level":"info","message":"Stored otp in Redis for user: otp:shinithshini6@gmail.com","service":"api-gateway","timestamp":"2025-03-01T05:49:07.041Z"}
{"level":"error","message":"Error sending email to shinithshini6@gmail.com: Missing credentials for \"PLAIN\"","service":"api-gateway","timestamp":"2025-03-01T05:49:09.025Z"}
{"level":"error","message":"Error processing message: Error: Email sending failed.","service":"api-gateway","timestamp":"2025-03-01T05:49:09.027Z"}
{"email":"shinithshini6@gmail.com","level":"info","message":"Received message:","service":"api-gateway","timestamp":"2025-03-01T05:49:09.033Z"}
{"level":"info","message":"Email-service reached","service":"api-gateway","timestamp":"2025-03-01T05:49:09.047Z"}
{"level":"info","message":"Stored otp in Redis for user: otp:shinithshini6@gmail.com","service":"api-gateway","timestamp":"2025-03-01T05:49:09.055Z"}
{"level":"error","message":"Error sending email to shinithshini6@gmail.com: Missing credentials for \"PLAIN\"","service":"api-gateway","timestamp":"2025-03-01T05:49:10.302Z"}
{"level":"error","message":"Error processing message: Error: Email sending failed.","service":"api-gateway","timestamp":"2025-03-01T05:49:10.304Z"}
{"email":"shinithshini6@gmail.com","level":"info","message":"Received message:","service":"api-gateway","timestamp":"2025-03-01T05:49:10.309Z"}
{"level":"info","message":"Email-service reached","service":"api-gateway","timestamp":"2025-03-01T05:49:10.311Z"}
{"level":"info","message":"Stored otp in Redis for user: otp:shinithshini6@gmail.com","service":"api-gateway","timestamp":"2025-03-01T05:49:10.319Z"}
{"level":"error","message":"Error sending email to shinithshini6@gmail.com: Missing credentials for \"PLAIN\"","service":"api-gateway","timestamp":"2025-03-01T05:49:11.425Z"}
{"level":"error","message":"Error processing message: Error: Email sending failed.","service":"api-gateway","timestamp":"2025-03-01T05:49:11.426Z"}
{"email":"shinithshini6@gmail.com","level":"info","message":"Received message:","service":"api-gateway","timestamp":"2025-03-01T05:49:11.432Z"}
{"level":"info","message":"Email-service reached","service":"api-gateway","timestamp":"2025-03-01T05:49:11.434Z"}
{"level":"info","message":"Stored otp in Redis for user: otp:shinithshini6@gmail.com","service":"api-gateway","timestamp":"2025-03-01T05:49:11.440Z"}
{"level":"error","message":"Error sending email to shinithshini6@gmail.com: Missing credentials for \"PLAIN\"","service":"api-gateway","timestamp":"2025-03-01T05:49:13.344Z"}
{"level":"error","message":"Error processing message: Error: Email sending failed.","service":"api-gateway","timestamp":"2025-03-01T05:49:13.346Z"}
{"email":"shinithshini6@gmail.com","level":"info","message":"Received message:","service":"api-gateway","timestamp":"2025-03-01T05:49:13.353Z"}
{"level":"info","message":"Email-service reached","service":"api-gateway","timestamp":"2025-03-01T05:49:13.354Z"}
{"level":"info","message":"Stored otp in Redis for user: otp:shinithshini6@gmail.com","service":"api-gateway","timestamp":"2025-03-01T05:49:13.362Z"}
{"level":"error","message":"Error sending email to shinithshini6@gmail.com: Missing credentials for \"PLAIN\"","service":"api-gateway","timestamp":"2025-03-01T05:49:15.186Z"}
{"level":"error","message":"Error processing message: Error: Email sending failed.","service":"api-gateway","timestamp":"2025-03-01T05:49:15.189Z"}
{"email":"shinithshini6@gmail.com","level":"info","message":"Received message:","service":"api-gateway","timestamp":"2025-03-01T05:49:15.195Z"}
{"level":"info","message":"Email-service reached","service":"api-gateway","timestamp":"2025-03-01T05:49:15.197Z"}
{"level":"info","message":"Stored otp in Redis for user: otp:shinithshini6@gmail.com","service":"api-gateway","timestamp":"2025-03-01T05:49:15.207Z"}
{"level":"error","message":"Error sending email to shinithshini6@gmail.com: Missing credentials for \"PLAIN\"","service":"api-gateway","timestamp":"2025-03-01T05:49:16.383Z"}
{"level":"error","message":"Error processing message: Error: Email sending failed.","service":"api-gateway","timestamp":"2025-03-01T05:49:16.385Z"}
{"email":"shinithshini6@gmail.com","level":"info","message":"Received message:","service":"api-gateway","timestamp":"2025-03-01T05:49:16.391Z"}
{"level":"info","message":"Email-service reached","service":"api-gateway","timestamp":"2025-03-01T05:49:16.393Z"}
{"level":"info","message":"Stored otp in Redis for user: otp:shinithshini6@gmail.com","service":"api-gateway","timestamp":"2025-03-01T05:49:16.405Z"}
{"level":"error","message":"Error sending email to shinithshini6@gmail.com: Missing credentials for \"PLAIN\"","service":"api-gateway","timestamp":"2025-03-01T05:49:17.502Z"}
{"level":"error","message":"Error processing message: Error: Email sending failed.","service":"api-gateway","timestamp":"2025-03-01T05:49:17.504Z"}
{"email":"shinithshini6@gmail.com","level":"info","message":"Received message:","service":"api-gateway","timestamp":"2025-03-01T05:49:17.510Z"}
{"level":"info","message":"Email-service reached","service":"api-gateway","timestamp":"2025-03-01T05:49:17.511Z"}
{"level":"info","message":"Stored otp in Redis for user: otp:shinithshini6@gmail.com","service":"api-gateway","timestamp":"2025-03-01T05:49:17.517Z"}
{"level":"info","message":"RabbitMQ connected successfully","service":"api-gateway","timestamp":"2025-03-01T05:49:44.529Z"}
{"level":"info","message":" Queue \"OtpQueue\" is ready","service":"api-gateway","timestamp":"2025-03-01T05:49:44.544Z"}
{"level":"info","message":"Listening for messages on queue: \"OtpQueue\"...","service":"api-gateway","timestamp":"2025-03-01T05:49:44.549Z"}
{"email":"shinithshini6@gmail.com","level":"info","message":"Received message:","service":"api-gateway","timestamp":"2025-03-01T05:49:44.558Z"}
{"level":"info","message":"Email-service reached -","service":"api-gateway","timestamp":"2025-03-01T05:49:44.561Z"}
{"level":"info","message":"Stored otp in Redis for user: otp:shinithshini6@gmail.com","service":"api-gateway","timestamp":"2025-03-01T05:49:44.580Z"}
{"level":"error","message":"Error sending email to shinithshini6@gmail.com: Missing credentials for \"PLAIN\"","service":"api-gateway","timestamp":"2025-03-01T05:49:45.930Z"}
{"level":"error","message":"Error processing message: Error: Email sending failed.","service":"api-gateway","timestamp":"2025-03-01T05:49:45.933Z"}
{"email":"shinithshini6@gmail.com","level":"info","message":"Received message:","service":"api-gateway","timestamp":"2025-03-01T05:49:45.941Z"}
{"level":"info","message":"Email-service reached -","service":"api-gateway","timestamp":"2025-03-01T05:49:45.943Z"}
{"level":"info","message":"Stored otp in Redis for user: otp:shinithshini6@gmail.com","service":"api-gateway","timestamp":"2025-03-01T05:49:45.953Z"}
{"level":"error","message":"Error sending email to shinithshini6@gmail.com: Missing credentials for \"PLAIN\"","service":"api-gateway","timestamp":"2025-03-01T05:49:47.906Z"}
{"level":"error","message":"Error processing message: Error: Email sending failed.","service":"api-gateway","timestamp":"2025-03-01T05:49:47.908Z"}
{"email":"shinithshini6@gmail.com","level":"info","message":"Received message:","service":"api-gateway","timestamp":"2025-03-01T05:49:47.915Z"}
{"level":"info","message":"Email-service reached -","service":"api-gateway","timestamp":"2025-03-01T05:49:47.917Z"}
{"level":"info","message":"Stored otp in Redis for user: otp:shinithshini6@gmail.com","service":"api-gateway","timestamp":"2025-03-01T05:49:47.925Z"}
{"level":"error","message":"Error sending email to shinithshini6@gmail.com: Missing credentials for \"PLAIN\"","service":"api-gateway","timestamp":"2025-03-01T05:49:49.983Z"}
{"level":"error","message":"Error processing message: Error: Email sending failed.","service":"api-gateway","timestamp":"2025-03-01T05:49:49.985Z"}
{"email":"shinithshini6@gmail.com","level":"info","message":"Received message:","service":"api-gateway","timestamp":"2025-03-01T05:49:49.991Z"}
{"level":"info","message":"Email-service reached -","service":"api-gateway","timestamp":"2025-03-01T05:49:49.993Z"}
{"level":"info","message":"Stored otp in Redis for user: otp:shinithshini6@gmail.com","service":"api-gateway","timestamp":"2025-03-01T05:49:50.002Z"}
{"level":"error","message":"Error sending email to shinithshini6@gmail.com: Missing credentials for \"PLAIN\"","service":"api-gateway","timestamp":"2025-03-01T05:49:51.265Z"}
{"level":"error","message":"Error processing message: Error: Email sending failed.","service":"api-gateway","timestamp":"2025-03-01T05:49:51.267Z"}
{"email":"shinithshini6@gmail.com","level":"info","message":"Received message:","service":"api-gateway","timestamp":"2025-03-01T05:49:51.272Z"}
{"level":"info","message":"Email-service reached -","service":"api-gateway","timestamp":"2025-03-01T05:49:51.274Z"}
{"level":"info","message":"Stored otp in Redis for user: otp:shinithshini6@gmail.com","service":"api-gateway","timestamp":"2025-03-01T05:49:51.284Z"}
{"level":"error","message":"Error sending email to shinithshini6@gmail.com: Missing credentials for \"PLAIN\"","service":"api-gateway","timestamp":"2025-03-01T05:49:53.082Z"}
{"level":"error","message":"Error processing message: Error: Email sending failed.","service":"api-gateway","timestamp":"2025-03-01T05:49:53.084Z"}
{"email":"shinithshini6@gmail.com","level":"info","message":"Received message:","service":"api-gateway","timestamp":"2025-03-01T05:49:53.090Z"}
{"level":"info","message":"Email-service reached -","service":"api-gateway","timestamp":"2025-03-01T05:49:53.091Z"}
{"level":"info","message":"Stored otp in Redis for user: otp:shinithshini6@gmail.com","service":"api-gateway","timestamp":"2025-03-01T05:49:53.099Z"}
{"level":"error","message":"Error sending email to shinithshini6@gmail.com: Missing credentials for \"PLAIN\"","service":"api-gateway","timestamp":"2025-03-01T05:49:55.103Z"}
{"level":"error","message":"Error processing message: Error: Email sending failed.","service":"api-gateway","timestamp":"2025-03-01T05:49:55.105Z"}
{"email":"shinithshini6@gmail.com","level":"info","message":"Received message:","service":"api-gateway","timestamp":"2025-03-01T05:49:55.112Z"}
{"level":"info","message":"Email-service reached -","service":"api-gateway","timestamp":"2025-03-01T05:49:55.113Z"}
{"level":"info","message":"Stored otp in Redis for user: otp:shinithshini6@gmail.com","service":"api-gateway","timestamp":"2025-03-01T05:49:55.121Z"}
{"level":"error","message":"Error sending email to shinithshini6@gmail.com: Missing credentials for \"PLAIN\"","service":"api-gateway","timestamp":"2025-03-01T05:49:56.141Z"}
{"level":"error","message":"Error processing message: Error: Email sending failed.","service":"api-gateway","timestamp":"2025-03-01T05:49:56.142Z"}
{"email":"shinithshini6@gmail.com","level":"info","message":"Received message:","service":"api-gateway","timestamp":"2025-03-01T05:49:56.146Z"}
{"level":"info","message":"Email-service reached -","service":"api-gateway","timestamp":"2025-03-01T05:49:56.148Z"}
{"level":"info","message":"Stored otp in Redis for user: otp:shinithshini6@gmail.com","service":"api-gateway","timestamp":"2025-03-01T05:49:56.152Z"}
{"level":"error","message":"Error sending email to shinithshini6@gmail.com: Missing credentials for \"PLAIN\"","service":"api-gateway","timestamp":"2025-03-01T05:49:57.345Z"}
{"level":"error","message":"Error processing message: Error: Email sending failed.","service":"api-gateway","timestamp":"2025-03-01T05:49:57.347Z"}
{"email":"shinithshini6@gmail.com","level":"info","message":"Received message:","service":"api-gateway","timestamp":"2025-03-01T05:49:57.351Z"}
{"level":"info","message":"Email-service reached -","service":"api-gateway","timestamp":"2025-03-01T05:49:57.352Z"}
{"level":"info","message":"Stored otp in Redis for user: otp:shinithshini6@gmail.com","service":"api-gateway","timestamp":"2025-03-01T05:49:57.358Z"}
{"level":"error","message":"Error sending email to shinithshini6@gmail.com: Missing credentials for \"PLAIN\"","service":"api-gateway","timestamp":"2025-03-01T05:49:59.172Z"}
{"level":"error","message":"Error processing message: Error: Email sending failed.","service":"api-gateway","timestamp":"2025-03-01T05:49:59.173Z"}
{"email":"shinithshini6@gmail.com","level":"info","message":"Received message:","service":"api-gateway","timestamp":"2025-03-01T05:49:59.177Z"}
{"level":"info","message":"Email-service reached -","service":"api-gateway","timestamp":"2025-03-01T05:49:59.178Z"}
{"level":"info","message":"Stored otp in Redis for user: otp:shinithshini6@gmail.com","service":"api-gateway","timestamp":"2025-03-01T05:49:59.184Z"}
{"level":"error","message":"Error sending email to shinithshini6@gmail.com: Missing credentials for \"PLAIN\"","service":"api-gateway","timestamp":"2025-03-01T05:50:01.059Z"}
{"level":"error","message":"Error processing message: Error: Email sending failed.","service":"api-gateway","timestamp":"2025-03-01T05:50:01.061Z"}
{"email":"shinithshini6@gmail.com","level":"info","message":"Received message:","service":"api-gateway","timestamp":"2025-03-01T05:50:01.067Z"}
{"level":"info","message":"Email-service reached -","service":"api-gateway","timestamp":"2025-03-01T05:50:01.069Z"}
{"level":"info","message":"Stored otp in Redis for user: otp:shinithshini6@gmail.com","service":"api-gateway","timestamp":"2025-03-01T05:50:01.077Z"}
{"level":"info","message":"RabbitMQ connected successfully","service":"api-gateway","timestamp":"2025-03-01T05:50:13.255Z"}
{"level":"info","message":" Queue \"OtpQueue\" is ready","service":"api-gateway","timestamp":"2025-03-01T05:50:13.268Z"}
{"level":"info","message":"Listening for messages on queue: \"OtpQueue\"...","service":"api-gateway","timestamp":"2025-03-01T05:50:13.275Z"}
{"email":"shinithshini6@gmail.com","level":"info","message":"Received message:","service":"api-gateway","timestamp":"2025-03-01T05:50:13.286Z"}
{"0":" ","1":"h","2":"b","3":"h","4":"b","level":"info","message":"Email-service reached -","service":"api-gateway","timestamp":"2025-03-01T05:50:13.289Z"}
{"level":"info","message":"Stored otp in Redis for user: otp:shinithshini6@gmail.com","service":"api-gateway","timestamp":"2025-03-01T05:50:13.304Z"}
{"level":"error","message":"Error sending email to shinithshini6@gmail.com: Missing credentials for \"PLAIN\"","service":"api-gateway","timestamp":"2025-03-01T05:50:14.471Z"}
{"level":"error","message":"Error processing message: Error: Email sending failed.","service":"api-gateway","timestamp":"2025-03-01T05:50:14.473Z"}
{"email":"shinithshini6@gmail.com","level":"info","message":"Received message:","service":"api-gateway","timestamp":"2025-03-01T05:50:14.482Z"}
{"0":" ","1":"h","2":"b","3":"h","4":"b","level":"info","message":"Email-service reached -","service":"api-gateway","timestamp":"2025-03-01T05:50:14.485Z"}
{"level":"info","message":"Stored otp in Redis for user: otp:shinithshini6@gmail.com","service":"api-gateway","timestamp":"2025-03-01T05:50:14.497Z"}
{"level":"error","message":"Error sending email to shinithshini6@gmail.com: Missing credentials for \"PLAIN\"","service":"api-gateway","timestamp":"2025-03-01T05:50:15.542Z"}
{"level":"error","message":"Error processing message: Error: Email sending failed.","service":"api-gateway","timestamp":"2025-03-01T05:50:15.544Z"}
{"email":"shinithshini6@gmail.com","level":"info","message":"Received message:","service":"api-gateway","timestamp":"2025-03-01T05:50:15.550Z"}
{"0":" ","1":"h","2":"b","3":"h","4":"b","level":"info","message":"Email-service reached -","service":"api-gateway","timestamp":"2025-03-01T05:50:15.551Z"}
{"level":"info","message":"Stored otp in Redis for user: otp:shinithshini6@gmail.com","service":"api-gateway","timestamp":"2025-03-01T05:50:15.561Z"}
{"level":"error","message":"Error sending email to shinithshini6@gmail.com: Missing credentials for \"PLAIN\"","service":"api-gateway","timestamp":"2025-03-01T05:50:16.703Z"}
{"level":"error","message":"Error processing message: Error: Email sending failed.","service":"api-gateway","timestamp":"2025-03-01T05:50:16.705Z"}
{"email":"shinithshini6@gmail.com","level":"info","message":"Received message:","service":"api-gateway","timestamp":"2025-03-01T05:50:16.711Z"}
{"0":" ","1":"h","2":"b","3":"h","4":"b","level":"info","message":"Email-service reached -","service":"api-gateway","timestamp":"2025-03-01T05:50:16.713Z"}
{"level":"info","message":"Stored otp in Redis for user: otp:shinithshini6@gmail.com","service":"api-gateway","timestamp":"2025-03-01T05:50:16.723Z"}
{"level":"error","message":"Error sending email to shinithshini6@gmail.com: Missing credentials for \"PLAIN\"","service":"api-gateway","timestamp":"2025-03-01T05:50:17.987Z"}
{"level":"error","message":"Error processing message: Error: Email sending failed.","service":"api-gateway","timestamp":"2025-03-01T05:50:17.988Z"}
{"email":"shinithshini6@gmail.com","level":"info","message":"Received message:","service":"api-gateway","timestamp":"2025-03-01T05:50:17.994Z"}
{"0":" ","1":"h","2":"b","3":"h","4":"b","level":"info","message":"Email-service reached -","service":"api-gateway","timestamp":"2025-03-01T05:50:17.996Z"}
{"level":"info","message":"Stored otp in Redis for user: otp:shinithshini6@gmail.com","service":"api-gateway","timestamp":"2025-03-01T05:50:18.003Z"}
{"level":"error","message":"Error sending email to shinithshini6@gmail.com: Missing credentials for \"PLAIN\"","service":"api-gateway","timestamp":"2025-03-01T05:50:19.106Z"}
{"level":"error","message":"Error processing message: Error: Email sending failed.","service":"api-gateway","timestamp":"2025-03-01T05:50:19.108Z"}
{"email":"shinithshini6@gmail.com","level":"info","message":"Received message:","service":"api-gateway","timestamp":"2025-03-01T05:50:19.115Z"}
{"0":" ","1":"h","2":"b","3":"h","4":"b","level":"info","message":"Email-service reached -","service":"api-gateway","timestamp":"2025-03-01T05:50:19.117Z"}
{"level":"info","message":"Stored otp in Redis for user: otp:shinithshini6@gmail.com","service":"api-gateway","timestamp":"2025-03-01T05:50:19.127Z"}
{"level":"error","message":"Error sending email to shinithshini6@gmail.com: Missing credentials for \"PLAIN\"","service":"api-gateway","timestamp":"2025-03-01T05:50:20.957Z"}
{"level":"error","message":"Error processing message: Error: Email sending failed.","service":"api-gateway","timestamp":"2025-03-01T05:50:20.959Z"}
{"email":"shinithshini6@gmail.com","level":"info","message":"Received message:","service":"api-gateway","timestamp":"2025-03-01T05:50:20.966Z"}
{"0":" ","1":"h","2":"b","3":"h","4":"b","level":"info","message":"Email-service reached -","service":"api-gateway","timestamp":"2025-03-01T05:50:20.968Z"}
{"level":"info","message":"Stored otp in Redis for user: otp:shinithshini6@gmail.com","service":"api-gateway","timestamp":"2025-03-01T05:50:20.977Z"}
{"level":"error","message":"Error sending email to shinithshini6@gmail.com: Missing credentials for \"PLAIN\"","service":"api-gateway","timestamp":"2025-03-01T05:50:22.786Z"}
{"level":"error","message":"Error processing message: Error: Email sending failed.","service":"api-gateway","timestamp":"2025-03-01T05:50:22.788Z"}
{"email":"shinithshini6@gmail.com","level":"info","message":"Received message:","service":"api-gateway","timestamp":"2025-03-01T05:50:22.794Z"}
{"0":" ","1":"h","2":"b","3":"h","4":"b","level":"info","message":"Email-service reached -","service":"api-gateway","timestamp":"2025-03-01T05:50:22.796Z"}
{"level":"info","message":"Stored otp in Redis for user: otp:shinithshini6@gmail.com","service":"api-gateway","timestamp":"2025-03-01T05:50:22.806Z"}
{"level":"error","message":"Error sending email to shinithshini6@gmail.com: Missing credentials for \"PLAIN\"","service":"api-gateway","timestamp":"2025-03-01T05:50:24.866Z"}
{"level":"error","message":"Error processing message: Error: Email sending failed.","service":"api-gateway","timestamp":"2025-03-01T05:50:24.868Z"}
{"email":"shinithshini6@gmail.com","level":"info","message":"Received message:","service":"api-gateway","timestamp":"2025-03-01T05:50:24.873Z"}
{"0":" ","1":"h","2":"b","3":"h","4":"b","level":"info","message":"Email-service reached -","service":"api-gateway","timestamp":"2025-03-01T05:50:24.875Z"}
{"level":"info","message":"Stored otp in Redis for user: otp:shinithshini6@gmail.com","service":"api-gateway","timestamp":"2025-03-01T05:50:24.885Z"}
{"level":"error","message":"Error sending email to shinithshini6@gmail.com: Missing credentials for \"PLAIN\"","service":"api-gateway","timestamp":"2025-03-01T05:50:26.784Z"}
{"level":"error","message":"Error processing message: Error: Email sending failed.","service":"api-gateway","timestamp":"2025-03-01T05:50:26.785Z"}
{"email":"shinithshini6@gmail.com","level":"info","message":"Received message:","service":"api-gateway","timestamp":"2025-03-01T05:50:26.792Z"}
{"0":" ","1":"h","2":"b","3":"h","4":"b","level":"info","message":"Email-service reached -","service":"api-gateway","timestamp":"2025-03-01T05:50:26.793Z"}
{"level":"info","message":"Stored otp in Redis for user: otp:shinithshini6@gmail.com","service":"api-gateway","timestamp":"2025-03-01T05:50:26.801Z"}
{"level":"error","message":"Error sending email to shinithshini6@gmail.com: Missing credentials for \"PLAIN\"","service":"api-gateway","timestamp":"2025-03-01T05:50:28.066Z"}
{"level":"error","message":"Error processing message: Error: Email sending failed.","service":"api-gateway","timestamp":"2025-03-01T05:50:28.068Z"}
{"email":"shinithshini6@gmail.com","level":"info","message":"Received message:","service":"api-gateway","timestamp":"2025-03-01T05:50:28.075Z"}
{"0":" ","1":"h","2":"b","3":"h","4":"b","level":"info","message":"Email-service reached -","service":"api-gateway","timestamp":"2025-03-01T05:50:28.077Z"}
{"level":"info","message":"Stored otp in Redis for user: otp:shinithshini6@gmail.com","service":"api-gateway","timestamp":"2025-03-01T05:50:28.085Z"}
{"level":"error","message":"Error sending email to shinithshini6@gmail.com: Missing credentials for \"PLAIN\"","service":"api-gateway","timestamp":"2025-03-01T05:50:29.186Z"}
{"level":"error","message":"Error processing message: Error: Email sending failed.","service":"api-gateway","timestamp":"2025-03-01T05:50:29.188Z"}
{"email":"shinithshini6@gmail.com","level":"info","message":"Received message:","service":"api-gateway","timestamp":"2025-03-01T05:50:29.195Z"}
{"0":" ","1":"h","2":"b","3":"h","4":"b","level":"info","message":"Email-service reached -","service":"api-gateway","timestamp":"2025-03-01T05:50:29.196Z"}
{"level":"info","message":"Stored otp in Redis for user: otp:shinithshini6@gmail.com","service":"api-gateway","timestamp":"2025-03-01T05:50:29.205Z"}
{"level":"error","message":"Error sending email to shinithshini6@gmail.com: Missing credentials for \"PLAIN\"","service":"api-gateway","timestamp":"2025-03-01T05:50:30.938Z"}
{"level":"error","message":"Error processing message: Error: Email sending failed.","service":"api-gateway","timestamp":"2025-03-01T05:50:30.940Z"}
{"email":"shinithshini6@gmail.com","level":"info","message":"Received message:","service":"api-gateway","timestamp":"2025-03-01T05:50:30.944Z"}
{"0":" ","1":"h","2":"b","3":"h","4":"b","level":"info","message":"Email-service reached -","service":"api-gateway","timestamp":"2025-03-01T05:50:30.945Z"}
{"level":"info","message":"Stored otp in Redis for user: otp:shinithshini6@gmail.com","service":"api-gateway","timestamp":"2025-03-01T05:50:30.952Z"}
{"level":"error","message":"Error sending email to shinithshini6@gmail.com: Missing credentials for \"PLAIN\"","service":"api-gateway","timestamp":"2025-03-01T05:50:32.049Z"}
{"level":"error","message":"Error processing message: Error: Email sending failed.","service":"api-gateway","timestamp":"2025-03-01T05:50:32.050Z"}
{"email":"shinithshini6@gmail.com","level":"info","message":"Received message:","service":"api-gateway","timestamp":"2025-03-01T05:50:32.055Z"}
{"0":" ","1":"h","2":"b","3":"h","4":"b","level":"info","message":"Email-service reached -","service":"api-gateway","timestamp":"2025-03-01T05:50:32.056Z"}
{"level":"info","message":"Stored otp in Redis for user: otp:shinithshini6@gmail.com","service":"api-gateway","timestamp":"2025-03-01T05:50:32.065Z"}
{"level":"error","message":"Error sending email to shinithshini6@gmail.com: Missing credentials for \"PLAIN\"","service":"api-gateway","timestamp":"2025-03-01T05:50:33.186Z"}
{"level":"error","message":"Error processing message: Error: Email sending failed.","service":"api-gateway","timestamp":"2025-03-01T05:50:33.188Z"}
{"email":"shinithshini6@gmail.com","level":"info","message":"Received message:","service":"api-gateway","timestamp":"2025-03-01T05:50:33.196Z"}
{"0":" ","1":"h","2":"b","3":"h","4":"b","level":"info","message":"Email-service reached -","service":"api-gateway","timestamp":"2025-03-01T05:50:33.197Z"}
{"level":"info","message":"Stored otp in Redis for user: otp:shinithshini6@gmail.com","service":"api-gateway","timestamp":"2025-03-01T05:50:33.206Z"}
{"level":"info","message":"RabbitMQ connected successfully","service":"api-gateway","timestamp":"2025-03-01T05:51:15.078Z"}
{"level":"info","message":" Queue \"OtpQueue\" is ready","service":"api-gateway","timestamp":"2025-03-01T05:51:15.093Z"}
{"level":"info","message":"Listening for messages on queue: \"OtpQueue\"...","service":"api-gateway","timestamp":"2025-03-01T05:51:15.098Z"}
{"email":"shinithshini6@gmail.com","level":"info","message":"Received message:","service":"api-gateway","timestamp":"2025-03-01T05:51:15.108Z"}
{"0":" ","1":"h","2":"b","3":"h","4":"b","level":"info","message":"Email-service reached -","service":"api-gateway","timestamp":"2025-03-01T05:51:15.109Z"}
{"level":"info","message":"Stored otp in Redis for user: otp:shinithshini6@gmail.com","service":"api-gateway","timestamp":"2025-03-01T05:51:15.128Z"}
{"level":"error","message":"Error sending email to shinithshini6@gmail.com: Missing credentials for \"PLAIN\"","service":"api-gateway","timestamp":"2025-03-01T05:51:16.948Z"}
{"level":"error","message":"Error processing message: Error: Email sending failed.","service":"api-gateway","timestamp":"2025-03-01T05:51:16.951Z"}
{"email":"shinithshini6@gmail.com","level":"info","message":"Received message:","service":"api-gateway","timestamp":"2025-03-01T05:51:16.959Z"}
{"0":" ","1":"h","2":"b","3":"h","4":"b","level":"info","message":"Email-service reached -","service":"api-gateway","timestamp":"2025-03-01T05:51:16.961Z"}
{"level":"info","message":"Stored otp in Redis for user: otp:shinithshini6@gmail.com","service":"api-gateway","timestamp":"2025-03-01T05:51:16.972Z"}
{"level":"error","message":"Error sending email to shinithshini6@gmail.com: Missing credentials for \"PLAIN\"","service":"api-gateway","timestamp":"2025-03-01T05:51:18.466Z"}
{"level":"error","message":"Error processing message: Error: Email sending failed.","service":"api-gateway","timestamp":"2025-03-01T05:51:18.469Z"}
{"email":"shinithshini6@gmail.com","level":"info","message":"Received message:","service":"api-gateway","timestamp":"2025-03-01T05:51:18.474Z"}
{"0":" ","1":"h","2":"b","3":"h","4":"b","level":"info","message":"Email-service reached -","service":"api-gateway","timestamp":"2025-03-01T05:51:18.476Z"}
{"level":"info","message":"Stored otp in Redis for user: otp:shinithshini6@gmail.com","service":"api-gateway","timestamp":"2025-03-01T05:51:18.483Z"}
{"level":"error","message":"Error sending email to shinithshini6@gmail.com: Missing credentials for \"PLAIN\"","service":"api-gateway","timestamp":"2025-03-01T05:51:20.386Z"}
{"level":"error","message":"Error processing message: Error: Email sending failed.","service":"api-gateway","timestamp":"2025-03-01T05:51:20.388Z"}
{"email":"shinithshini6@gmail.com","level":"info","message":"Received message:","service":"api-gateway","timestamp":"2025-03-01T05:51:20.394Z"}
{"0":" ","1":"h","2":"b","3":"h","4":"b","level":"info","message":"Email-service reached -","service":"api-gateway","timestamp":"2025-03-01T05:51:20.395Z"}
{"level":"info","message":"Stored otp in Redis for user: otp:shinithshini6@gmail.com","service":"api-gateway","timestamp":"2025-03-01T05:51:20.405Z"}
{"email":"shinithshini6@gmail.com","level":"info","message":"Received message:","service":"api-gateway","timestamp":"2025-03-01T05:51:21.347Z"}
{"0":" ","1":"h","2":"b","3":"h","4":"b","level":"info","message":"Email-service reached -","service":"api-gateway","timestamp":"2025-03-01T05:51:21.348Z"}
{"level":"info","message":"Stored otp in Redis for user: otp:shinithshini6@gmail.com","service":"api-gateway","timestamp":"2025-03-01T05:51:21.355Z"}
{"level":"error","message":"Error sending email to shinithshini6@gmail.com: Missing credentials for \"PLAIN\"","service":"api-gateway","timestamp":"2025-03-01T05:51:22.288Z"}
{"level":"error","message":"Error processing message: Error: Email sending failed.","service":"api-gateway","timestamp":"2025-03-01T05:51:22.289Z"}
{"email":"shinithshini6@gmail.com","level":"info","message":"Received message:","service":"api-gateway","timestamp":"2025-03-01T05:51:22.296Z"}
{"0":" ","1":"h","2":"b","3":"h","4":"b","level":"info","message":"Email-service reached -","service":"api-gateway","timestamp":"2025-03-01T05:51:22.297Z"}
{"level":"info","message":"Stored otp in Redis for user: otp:shinithshini6@gmail.com","service":"api-gateway","timestamp":"2025-03-01T05:51:22.305Z"}
{"level":"error","message":"Error sending email to shinithshini6@gmail.com: Missing credentials for \"PLAIN\"","service":"api-gateway","timestamp":"2025-03-01T05:51:22.526Z"}
{"level":"error","message":"Error processing message: Error: Email sending failed.","service":"api-gateway","timestamp":"2025-03-01T05:51:22.528Z"}
{"email":"shinithshini6@gmail.com","level":"info","message":"Received message:","service":"api-gateway","timestamp":"2025-03-01T05:51:22.535Z"}
{"0":" ","1":"h","2":"b","3":"h","4":"b","level":"info","message":"Email-service reached -","service":"api-gateway","timestamp":"2025-03-01T05:51:22.536Z"}
{"level":"info","message":"Stored otp in Redis for user: otp:shinithshini6@gmail.com","service":"api-gateway","timestamp":"2025-03-01T05:51:22.545Z"}
{"level":"error","message":"Error sending email to shinithshini6@gmail.com: Missing credentials for \"PLAIN\"","service":"api-gateway","timestamp":"2025-03-01T05:51:23.428Z"}
{"level":"error","message":"Error processing message: Error: Email sending failed.","service":"api-gateway","timestamp":"2025-03-01T05:51:23.430Z"}
{"email":"shinithshini6@gmail.com","level":"info","message":"Received message:","service":"api-gateway","timestamp":"2025-03-01T05:51:23.436Z"}
{"0":" ","1":"h","2":"b","3":"h","4":"b","level":"info","message":"Email-service reached -","service":"api-gateway","timestamp":"2025-03-01T05:51:23.437Z"}
{"level":"info","message":"Stored otp in Redis for user: otp:shinithshini6@gmail.com","service":"api-gateway","timestamp":"2025-03-01T05:51:23.446Z"}
{"level":"error","message":"Error sending email to shinithshini6@gmail.com: Missing credentials for \"PLAIN\"","service":"api-gateway","timestamp":"2025-03-01T05:51:24.365Z"}
{"level":"error","message":"Error processing message: Error: Email sending failed.","service":"api-gateway","timestamp":"2025-03-01T05:51:24.367Z"}
{"level":"error","message":"Error sending email to shinithshini6@gmail.com: Missing credentials for \"PLAIN\"","service":"api-gateway","timestamp":"2025-03-01T05:51:24.370Z"}
{"level":"error","message":"Error processing message: Error: Email sending failed.","service":"api-gateway","timestamp":"2025-03-01T05:51:24.372Z"}
{"email":"shinithshini6@gmail.com","level":"info","message":"Received message:","service":"api-gateway","timestamp":"2025-03-01T05:51:24.377Z"}
{"0":" ","1":"h","2":"b","3":"h","4":"b","level":"info","message":"Email-service reached -","service":"api-gateway","timestamp":"2025-03-01T05:51:24.378Z"}
{"email":"shinithshini6@gmail.com","level":"info","message":"Received message:","service":"api-gateway","timestamp":"2025-03-01T05:51:24.386Z"}
{"0":" ","1":"h","2":"b","3":"h","4":"b","level":"info","message":"Email-service reached -","service":"api-gateway","timestamp":"2025-03-01T05:51:24.388Z"}
{"level":"info","message":"Stored otp in Redis for user: otp:shinithshini6@gmail.com","service":"api-gateway","timestamp":"2025-03-01T05:51:24.401Z"}
{"level":"info","message":"Stored otp in Redis for user: otp:shinithshini6@gmail.com","service":"api-gateway","timestamp":"2025-03-01T05:51:24.403Z"}
{"level":"error","message":"Error sending email to shinithshini6@gmail.com: Missing credentials for \"PLAIN\"","service":"api-gateway","timestamp":"2025-03-01T05:51:25.668Z"}
{"level":"error","message":"Error processing message: Error: Email sending failed.","service":"api-gateway","timestamp":"2025-03-01T05:51:25.670Z"}
{"email":"shinithshini6@gmail.com","level":"info","message":"Received message:","service":"api-gateway","timestamp":"2025-03-01T05:51:25.676Z"}
{"0":" ","1":"h","2":"b","3":"h","4":"b","level":"info","message":"Email-service reached -","service":"api-gateway","timestamp":"2025-03-01T05:51:25.677Z"}
{"level":"info","message":"Stored otp in Redis for user: otp:shinithshini6@gmail.com","service":"api-gateway","timestamp":"2025-03-01T05:51:25.685Z"}
{"level":"error","message":"Error sending email to shinithshini6@gmail.com: Missing credentials for \"PLAIN\"","service":"api-gateway","timestamp":"2025-03-01T05:51:26.209Z"}
{"level":"error","message":"Error processing message: Error: Email sending failed.","service":"api-gateway","timestamp":"2025-03-01T05:51:26.212Z"}
{"email":"shinithshini6@gmail.com","level":"info","message":"Received message:","service":"api-gateway","timestamp":"2025-03-01T05:51:26.218Z"}
{"0":" ","1":"h","2":"b","3":"h","4":"b","level":"info","message":"Email-service reached -","service":"api-gateway","timestamp":"2025-03-01T05:51:26.219Z"}
{"level":"info","message":"Stored otp in Redis for user: otp:shinithshini6@gmail.com","service":"api-gateway","timestamp":"2025-03-01T05:51:26.227Z"}
{"level":"error","message":"Error sending email to shinithshini6@gmail.com: Missing credentials for \"PLAIN\"","service":"api-gateway","timestamp":"2025-03-01T05:51:26.788Z"}
{"level":"error","message":"Error processing message: Error: Email sending failed.","service":"api-gateway","timestamp":"2025-03-01T05:51:26.790Z"}
{"email":"shinithshini6@gmail.com","level":"info","message":"Received message:","service":"api-gateway","timestamp":"2025-03-01T05:51:26.796Z"}
{"0":" ","1":"h","2":"b","3":"h","4":"b","level":"info","message":"Email-service reached -","service":"api-gateway","timestamp":"2025-03-01T05:51:26.797Z"}
{"level":"info","message":"Stored otp in Redis for user: otp:shinithshini6@gmail.com","service":"api-gateway","timestamp":"2025-03-01T05:51:26.808Z"}
{"level":"error","message":"Error sending email to shinithshini6@gmail.com: Missing credentials for \"PLAIN\"","service":"api-gateway","timestamp":"2025-03-01T05:51:28.070Z"}
{"level":"error","message":"Error processing message: Error: Email sending failed.","service":"api-gateway","timestamp":"2025-03-01T05:51:28.071Z"}
{"email":"shinithshini6@gmail.com","level":"info","message":"Received message:","service":"api-gateway","timestamp":"2025-03-01T05:51:28.078Z"}
{"0":" ","1":"h","2":"b","3":"h","4":"b","level":"info","message":"Email-service reached -","service":"api-gateway","timestamp":"2025-03-01T05:51:28.079Z"}
{"level":"info","message":"Stored otp in Redis for user: otp:shinithshini6@gmail.com","service":"api-gateway","timestamp":"2025-03-01T05:51:28.088Z"}
{"level":"error","message":"Error sending email to shinithshini6@gmail.com: Missing credentials for \"PLAIN\"","service":"api-gateway","timestamp":"2025-03-01T05:51:28.550Z"}
{"level":"error","message":"Error processing message: Error: Email sending failed.","service":"api-gateway","timestamp":"2025-03-01T05:51:28.552Z"}
{"email":"shinithshini6@gmail.com","level":"info","message":"Received message:","service":"api-gateway","timestamp":"2025-03-01T05:51:28.557Z"}
{"0":" ","1":"h","2":"b","3":"h","4":"b","level":"info","message":"Email-service reached -","service":"api-gateway","timestamp":"2025-03-01T05:51:28.558Z"}
{"level":"info","message":"Stored otp in Redis for user: otp:shinithshini6@gmail.com","service":"api-gateway","timestamp":"2025-03-01T05:51:28.565Z"}
{"level":"error","message":"Error sending email to shinithshini6@gmail.com: Missing credentials for \"PLAIN\"","service":"api-gateway","timestamp":"2025-03-01T05:51:29.826Z"}
{"level":"error","message":"Error processing message: Error: Email sending failed.","service":"api-gateway","timestamp":"2025-03-01T05:51:29.828Z"}
{"level":"error","message":"Error sending email to shinithshini6@gmail.com: Missing credentials for \"PLAIN\"","service":"api-gateway","timestamp":"2025-03-01T05:51:29.832Z"}
{"level":"error","message":"Error processing message: Error: Email sending failed.","service":"api-gateway","timestamp":"2025-03-01T05:51:29.839Z"}
{"email":"shinithshini6@gmail.com","level":"info","message":"Received message:","service":"api-gateway","timestamp":"2025-03-01T05:51:29.846Z"}
{"0":" ","1":"h","2":"b","3":"h","4":"b","level":"info","message":"Email-service reached -","service":"api-gateway","timestamp":"2025-03-01T05:51:29.849Z"}
{"email":"shinithshini6@gmail.com","level":"info","message":"Received message:","service":"api-gateway","timestamp":"2025-03-01T05:51:29.858Z"}
{"0":" ","1":"h","2":"b","3":"h","4":"b","level":"info","message":"Email-service reached -","service":"api-gateway","timestamp":"2025-03-01T05:51:29.859Z"}
{"level":"info","message":"Stored otp in Redis for user: otp:shinithshini6@gmail.com","service":"api-gateway","timestamp":"2025-03-01T05:51:29.874Z"}
{"level":"info","message":"Stored otp in Redis for user: otp:shinithshini6@gmail.com","service":"api-gateway","timestamp":"2025-03-01T05:51:29.875Z"}
{"level":"error","message":"Error sending email to shinithshini6@gmail.com: Missing credentials for \"PLAIN\"","service":"api-gateway","timestamp":"2025-03-01T05:51:31.746Z"}
{"level":"error","message":"Error processing message: Error: Email sending failed.","service":"api-gateway","timestamp":"2025-03-01T05:51:31.748Z"}
{"level":"error","message":"Error sending email to shinithshini6@gmail.com: Missing credentials for \"PLAIN\"","service":"api-gateway","timestamp":"2025-03-01T05:51:31.750Z"}
{"level":"error","message":"Error processing message: Error: Email sending failed.","service":"api-gateway","timestamp":"2025-03-01T05:51:31.752Z"}
{"email":"shinithshini6@gmail.com","level":"info","message":"Received message:","service":"api-gateway","timestamp":"2025-03-01T05:51:31.759Z"}
{"0":" ","1":"h","2":"b","3":"h","4":"b","level":"info","message":"Email-service reached -","service":"api-gateway","timestamp":"2025-03-01T05:51:31.761Z"}
{"email":"shinithshini6@gmail.com","level":"info","message":"Received message:","service":"api-gateway","timestamp":"2025-03-01T05:51:31.765Z"}
{"0":" ","1":"h","2":"b","3":"h","4":"b","level":"info","message":"Email-service reached -","service":"api-gateway","timestamp":"2025-03-01T05:51:31.767Z"}
{"level":"info","message":"Stored otp in Redis for user: otp:shinithshini6@gmail.com","service":"api-gateway","timestamp":"2025-03-01T05:51:31.777Z"}
{"level":"info","message":"Stored otp in Redis for user: otp:shinithshini6@gmail.com","service":"api-gateway","timestamp":"2025-03-01T05:51:31.779Z"}
{"level":"error","message":"Error sending email to shinithshini6@gmail.com: Missing credentials for \"PLAIN\"","service":"api-gateway","timestamp":"2025-03-01T05:51:32.970Z"}
{"level":"error","message":"Error processing message: Error: Email sending failed.","service":"api-gateway","timestamp":"2025-03-01T05:51:32.972Z"}
{"email":"shinithshini6@gmail.com","level":"info","message":"Received message:","service":"api-gateway","timestamp":"2025-03-01T05:51:32.978Z"}
{"0":" ","1":"h","2":"b","3":"h","4":"b","level":"info","message":"Email-service reached -","service":"api-gateway","timestamp":"2025-03-01T05:51:32.979Z"}
{"level":"info","message":"Stored otp in Redis for user: otp:shinithshini6@gmail.com","service":"api-gateway","timestamp":"2025-03-01T05:51:32.988Z"}
{"level":"error","message":"Error sending email to shinithshini6@gmail.com: Missing credentials for \"PLAIN\"","service":"api-gateway","timestamp":"2025-03-01T05:51:33.752Z"}
{"level":"error","message":"Error processing message: Error: Email sending failed.","service":"api-gateway","timestamp":"2025-03-01T05:51:33.754Z"}
{"email":"shinithshini6@gmail.com","level":"info","message":"Received message:","service":"api-gateway","timestamp":"2025-03-01T05:51:33.760Z"}
{"0":" ","1":"h","2":"b","3":"h","4":"b","level":"info","message":"Email-service reached -","service":"api-gateway","timestamp":"2025-03-01T05:51:33.762Z"}
{"level":"info","message":"Stored otp in Redis for user: otp:shinithshini6@gmail.com","service":"api-gateway","timestamp":"2025-03-01T05:51:33.771Z"}
{"level":"error","message":"Error sending email to shinithshini6@gmail.com: Missing credentials for \"PLAIN\"","service":"api-gateway","timestamp":"2025-03-01T05:51:34.021Z"}
{"level":"error","message":"Error processing message: Error: Email sending failed.","service":"api-gateway","timestamp":"2025-03-01T05:51:34.023Z"}
{"email":"shinithshini6@gmail.com","level":"info","message":"Received message:","service":"api-gateway","timestamp":"2025-03-01T05:51:34.028Z"}
{"0":" ","1":"h","2":"b","3":"h","4":"b","level":"info","message":"Email-service reached -","service":"api-gateway","timestamp":"2025-03-01T05:51:34.030Z"}
{"level":"info","message":"Stored otp in Redis for user: otp:shinithshini6@gmail.com","service":"api-gateway","timestamp":"2025-03-01T05:51:34.037Z"}
{"level":"error","message":"Error sending email to shinithshini6@gmail.com: Missing credentials for \"PLAIN\"","service":"api-gateway","timestamp":"2025-03-01T05:51:35.279Z"}
{"level":"error","message":"Error processing message: Error: Email sending failed.","service":"api-gateway","timestamp":"2025-03-01T05:51:35.281Z"}
{"email":"shinithshini6@gmail.com","level":"info","message":"Received message:","service":"api-gateway","timestamp":"2025-03-01T05:51:35.287Z"}
{"0":" ","1":"h","2":"b","3":"h","4":"b","level":"info","message":"Email-service reached -","service":"api-gateway","timestamp":"2025-03-01T05:51:35.288Z"}
{"level":"info","message":"Stored otp in Redis for user: otp:shinithshini6@gmail.com","service":"api-gateway","timestamp":"2025-03-01T05:51:35.295Z"}
{"level":"info","message":"RabbitMQ connected successfully","service":"api-gateway","timestamp":"2025-03-01T05:52:44.661Z"}
{"level":"info","message":" Queue \"OtpQueue\" is ready","service":"api-gateway","timestamp":"2025-03-01T05:52:44.674Z"}
{"level":"info","message":"Listening for messages on queue: \"OtpQueue\"...","service":"api-gateway","timestamp":"2025-03-01T05:52:44.680Z"}
{"email":"shinithshini6@gmail.com","level":"info","message":"Received message:","service":"api-gateway","timestamp":"2025-03-01T05:52:44.694Z"}
{"0":" ","1":"h","2":"b","3":"h","4":"b","level":"info","message":"Email-service reached -","service":"api-gateway","timestamp":"2025-03-01T05:52:44.696Z"}
{"email":"shinithshini6@gmail.com","level":"info","message":"Received message:","service":"api-gateway","timestamp":"2025-03-01T05:52:44.712Z"}
{"0":" ","1":"h","2":"b","3":"h","4":"b","level":"info","message":"Email-service reached -","service":"api-gateway","timestamp":"2025-03-01T05:52:44.713Z"}
{"level":"info","message":"Stored otp in Redis for user: otp:shinithshini6@gmail.com","service":"api-gateway","timestamp":"2025-03-01T05:52:44.728Z"}
{"level":"info","message":"Stored otp in Redis for user: otp:shinithshini6@gmail.com","service":"api-gateway","timestamp":"2025-03-01T05:52:44.730Z"}
{"level":"info","message":"Email sent to shinithshini6@gmail.com","service":"api-gateway","timestamp":"2025-03-01T05:52:47.900Z"}
{"level":"info","message":"Email sent to shinithshini6@gmail.com","service":"api-gateway","timestamp":"2025-03-01T05:52:48.035Z"}
{"email":"shinithshini6@gmail.com","level":"info","message":"Received message:","service":"api-gateway","timestamp":"2025-03-01T05:52:57.549Z"}
{"0":" ","1":"h","2":"b","3":"h","4":"b","level":"info","message":"Email-service reached -","service":"api-gateway","timestamp":"2025-03-01T05:52:57.551Z"}
{"level":"info","message":"Stored otp in Redis for user: otp:shinithshini6@gmail.com","service":"api-gateway","timestamp":"2025-03-01T05:52:57.559Z"}
{"level":"info","message":"Email sent to shinithshini6@gmail.com","service":"api-gateway","timestamp":"2025-03-01T05:53:01.507Z"}
{"level":"info","message":"RabbitMQ connected successfully","service":"api-gateway","timestamp":"2025-03-01T05:55:34.279Z"}
{"level":"info","message":" Queue \"OtpQueue\" is ready","service":"api-gateway","timestamp":"2025-03-01T05:55:34.294Z"}
{"level":"info","message":"Listening for messages on queue: \"OtpQueue\"...","service":"api-gateway","timestamp":"2025-03-01T05:55:34.300Z"}
{"email":"shinithshini6@gmail.com","level":"info","message":"Received message:","service":"api-gateway","timestamp":"2025-03-01T05:55:35.967Z"}
{"level":"info","message":"Email-service reached -undefined hsnss","service":"api-gateway","timestamp":"2025-03-01T05:55:35.969Z"}
{"level":"info","message":"Stored otp in Redis for user: otp:shinithshini6@gmail.com","service":"api-gateway","timestamp":"2025-03-01T05:55:35.999Z"}
{"level":"info","message":"Email sent to shinithshini6@gmail.com","service":"api-gateway","timestamp":"2025-03-01T05:55:39.434Z"}
{"level":"info","message":"RabbitMQ connected successfully","service":"api-gateway","timestamp":"2025-03-01T05:56:23.369Z"}
{"level":"info","message":" Queue \"OtpQueue\" is ready","service":"api-gateway","timestamp":"2025-03-01T05:56:23.383Z"}
{"level":"info","message":"Listening for messages on queue: \"OtpQueue\"...","service":"api-gateway","timestamp":"2025-03-01T05:56:23.387Z"}
{"email":"shinithshini6@gmail.com","level":"info","message":"Received message:","service":"api-gateway","timestamp":"2025-03-01T05:56:26.242Z"}
{"level":"info","message":"Email-service reached -undefined hsnss","service":"api-gateway","timestamp":"2025-03-01T05:56:26.244Z"}
{"level":"info","message":"Stored otp in Redis for user: otp:shinithshini6@gmail.com","service":"api-gateway","timestamp":"2025-03-01T05:56:26.268Z"}
{"level":"info","message":"Email sent to shinithshini6@gmail.com","service":"api-gateway","timestamp":"2025-03-01T05:56:29.355Z"}
{"level":"info","message":"RabbitMQ connected successfully","service":"api-gateway","timestamp":"2025-03-01T05:58:23.695Z"}
{"level":"info","message":" Queue \"OtpQueue\" is ready","service":"api-gateway","timestamp":"2025-03-01T05:58:23.711Z"}
{"level":"info","message":"Listening for messages on queue: \"OtpQueue\"...","service":"api-gateway","timestamp":"2025-03-01T05:58:23.719Z"}
{"email":"shinithshini6@gmail.com","level":"info","message":"Received message:","service":"api-gateway","timestamp":"2025-03-01T05:58:25.108Z"}
{"level":"info","message":"Email-service reached -undefined hsnss","service":"api-gateway","timestamp":"2025-03-01T05:58:25.110Z"}
{"level":"info","message":"Stored otp in Redis for user: otp:shinithshini6@gmail.com","service":"api-gateway","timestamp":"2025-03-01T05:58:25.130Z"}
{"level":"info","message":"Email sent to shinithshini6@gmail.com","service":"api-gateway","timestamp":"2025-03-01T05:58:28.240Z"}
{"level":"info","message":"RabbitMQ connected successfully","service":"api-gateway","timestamp":"2025-03-01T06:03:57.340Z"}
{"level":"info","message":" Queue \"OtpQueue\" is ready","service":"api-gateway","timestamp":"2025-03-01T06:03:57.354Z"}
{"level":"info","message":"Listening for messages on queue: \"OtpQueue\"...","service":"api-gateway","timestamp":"2025-03-01T06:03:57.361Z"}
{"email":"shinithshini6@gmail.com","level":"info","message":"Received message:","service":"api-gateway","timestamp":"2025-03-01T06:03:59.108Z"}
{"level":"info","message":"Email-service reached -learneasy547@gmail.com hsnss","service":"api-gateway","timestamp":"2025-03-01T06:03:59.110Z"}
{"level":"info","message":"Stored otp in Redis for user: otp:shinithshini6@gmail.com","service":"api-gateway","timestamp":"2025-03-01T06:03:59.135Z"}
{"level":"info","message":"Email sent to shinithshini6@gmail.com","service":"api-gateway","timestamp":"2025-03-01T06:04:02.812Z"}
{"level":"info","message":"RabbitMQ connected successfully","service":"api-gateway","timestamp":"2025-03-01T06:04:32.599Z"}
{"level":"info","message":" Queue \"OtpQueue\" is ready","service":"api-gateway","timestamp":"2025-03-01T06:04:32.614Z"}
{"level":"info","message":"Listening for messages on queue: \"OtpQueue\"...","service":"api-gateway","timestamp":"2025-03-01T06:04:32.620Z"}
{"email":"shinithshini6@gmail.com","level":"info","message":"Received message:","service":"api-gateway","timestamp":"2025-03-01T06:04:37.655Z"}
{"level":"info","message":"Email-service reached -learneasy547@gmail.com hsnss","service":"api-gateway","timestamp":"2025-03-01T06:04:37.658Z"}
{"level":"info","message":"Stored otp in Redis for user: otp:shinithshini6@gmail.com","service":"api-gateway","timestamp":"2025-03-01T06:04:37.681Z"}
{"level":"info","message":"Email sent to shinithshini6@gmail.com","service":"api-gateway","timestamp":"2025-03-01T06:04:40.740Z"}
{"level":"info","message":"RabbitMQ connected successfully","service":"api-gateway","timestamp":"2025-03-01T06:11:25.141Z"}
{"level":"info","message":" Queue \"OtpQueue\" is ready","service":"api-gateway","timestamp":"2025-03-01T06:11:25.156Z"}
{"level":"info","message":"Listening for messages on queue: \"OtpQueue\"...","service":"api-gateway","timestamp":"2025-03-01T06:11:25.162Z"}
{"email":"shinithshini6@gmail.com","level":"info","message":"Received message:","service":"api-gateway","timestamp":"2025-03-01T06:11:40.785Z"}
{"level":"info","message":"Email-service reached","service":"api-gateway","timestamp":"2025-03-01T06:11:40.787Z"}
{"level":"info","message":"Email sent to shinithshini6@gmail.com","service":"api-gateway","timestamp":"2025-03-01T06:11:43.851Z"}
{"level":"info","message":"Stored otp in Redis for user: otp:shinithshini6@gmail.com","service":"api-gateway","timestamp":"2025-03-01T06:11:43.858Z"}
{"level":"info","message":"RabbitMQ connected successfully","service":"api-gateway","timestamp":"2025-03-01T06:13:31.805Z"}
{"level":"info","message":" Queue \"OtpQueue\" is ready","service":"api-gateway","timestamp":"2025-03-01T06:13:31.823Z"}
{"level":"info","message":"Listening for messages on queue: \"OtpQueue\"...","service":"api-gateway","timestamp":"2025-03-01T06:13:31.829Z"}
{"level":"info","message":"RabbitMQ connected successfully","service":"api-gateway","timestamp":"2025-03-01T06:15:57.965Z"}
{"level":"info","message":" Queue \"OtpQueue\" is ready","service":"api-gateway","timestamp":"2025-03-01T06:15:57.982Z"}
{"level":"info","message":"Listening for messages on queue: \"OtpQueue\"...","service":"api-gateway","timestamp":"2025-03-01T06:15:57.987Z"}
{"level":"info","message":"RabbitMQ connected successfully","service":"api-gateway","timestamp":"2025-03-01T18:18:13.212Z"}
{"level":"info","message":" Queue \"OtpQueue\" is ready","service":"api-gateway","timestamp":"2025-03-01T18:18:13.225Z"}
{"level":"info","message":"Listening for messages on queue: \"OtpQueue\"...","service":"api-gateway","timestamp":"2025-03-01T18:18:13.230Z"}
{"email":"shinithp78@gmail.com","level":"info","message":"Received message:","service":"api-gateway","timestamp":"2025-03-01T18:18:56.247Z"}
{"level":"info","message":"Email-service reached","service":"api-gateway","timestamp":"2025-03-01T18:18:56.250Z"}
{"level":"info","message":"Email sent to shinithp78@gmail.com","service":"api-gateway","timestamp":"2025-03-01T18:19:00.066Z"}
{"level":"info","message":"Stored otp in Redis for user: otp:shinithp78@gmail.com","service":"api-gateway","timestamp":"2025-03-01T18:19:00.074Z"}
{"email":"shinithp78@gmail.com","level":"info","message":"Received message:","service":"api-gateway","timestamp":"2025-03-01T18:21:09.670Z"}
{"level":"info","message":"Email-service reached","service":"api-gateway","timestamp":"2025-03-01T18:21:09.672Z"}
{"level":"info","message":"Email sent to shinithp78@gmail.com","service":"api-gateway","timestamp":"2025-03-01T18:21:12.893Z"}
{"level":"info","message":"Stored otp in Redis for user: otp:shinithp78@gmail.com","service":"api-gateway","timestamp":"2025-03-01T18:21:12.896Z"}
{"email":"shinithp78@gmail.com","level":"info","message":"Received message:","service":"api-gateway","timestamp":"2025-03-01T18:26:05.921Z"}
{"level":"info","message":"Email-service reached","service":"api-gateway","timestamp":"2025-03-01T18:26:05.923Z"}
{"level":"info","message":"Email sent to shinithp78@gmail.com","service":"api-gateway","timestamp":"2025-03-01T18:26:09.381Z"}
{"level":"info","message":"Stored otp in Redis for user: otp:shinithp78@gmail.com","service":"api-gateway","timestamp":"2025-03-01T18:26:09.385Z"}
{"email":"shinithp78@gmail.com","level":"info","message":"Received message:","service":"api-gateway","timestamp":"2025-03-01T18:26:25.178Z"}
{"level":"info","message":"Email-service reached","service":"api-gateway","timestamp":"2025-03-01T18:26:25.180Z"}
{"level":"info","message":"Email sent to shinithp78@gmail.com","service":"api-gateway","timestamp":"2025-03-01T18:26:28.111Z"}
{"level":"info","message":"Stored otp in Redis for user: otp:shinithp78@gmail.com","service":"api-gateway","timestamp":"2025-03-01T18:26:28.114Z"}
{"email":"shinithp78@gmail.com","level":"info","message":"Received message:","service":"api-gateway","timestamp":"2025-03-01T18:27:21.171Z"}
{"level":"info","message":"Email-service reached","service":"api-gateway","timestamp":"2025-03-01T18:27:21.172Z"}
{"level":"info","message":"Email sent to shinithp78@gmail.com","service":"api-gateway","timestamp":"2025-03-01T18:27:25.382Z"}
{"level":"info","message":"Stored otp in Redis for user: otp:shinithp78@gmail.com","service":"api-gateway","timestamp":"2025-03-01T18:27:25.385Z"}
{"email":"shinithp78@gmail.com","level":"info","message":"Received message:","service":"api-gateway","timestamp":"2025-03-01T18:27:54.996Z"}
{"level":"info","message":"Email-service reached","service":"api-gateway","timestamp":"2025-03-01T18:27:54.997Z"}
{"level":"info","message":"Email sent to shinithp78@gmail.com","service":"api-gateway","timestamp":"2025-03-01T18:27:58.099Z"}
{"level":"info","message":"Stored otp in Redis for user: otp:shinithp78@gmail.com","service":"api-gateway","timestamp":"2025-03-01T18:27:58.102Z"}
{"email":"shinithp78@gmail.com","level":"info","message":"Received message:","service":"api-gateway","timestamp":"2025-03-01T18:28:03.346Z"}
{"level":"info","message":"Email-service reached","service":"api-gateway","timestamp":"2025-03-01T18:28:03.347Z"}
{"level":"info","message":"Email sent to shinithp78@gmail.com","service":"api-gateway","timestamp":"2025-03-01T18:28:07.309Z"}
{"level":"info","message":"Stored otp in Redis for user: otp:shinithp78@gmail.com","service":"api-gateway","timestamp":"2025-03-01T18:28:07.312Z"}
{"email":"shinithp78@gmail.com","level":"info","message":"Received message:","service":"api-gateway","timestamp":"2025-03-01T18:28:18.124Z"}
{"level":"info","message":"Email-service reached","service":"api-gateway","timestamp":"2025-03-01T18:28:18.125Z"}
{"level":"info","message":"Email sent to shinithp78@gmail.com","service":"api-gateway","timestamp":"2025-03-01T18:28:22.186Z"}
{"level":"info","message":"Stored otp in Redis for user: otp:shinithp78@gmail.com","service":"api-gateway","timestamp":"2025-03-01T18:28:22.197Z"}
{"level":"info","message":"RabbitMQ connected successfully","service":"api-gateway","timestamp":"2025-03-02T06:36:14.897Z"}
{"level":"info","message":" Queue \"OtpQueue\" is ready","service":"api-gateway","timestamp":"2025-03-02T06:36:14.925Z"}
{"level":"info","message":"Listening for messages on queue: \"OtpQueue\"...","service":"api-gateway","timestamp":"2025-03-02T06:36:14.931Z"}
{"email":"shinithp78@gmail.com","level":"info","message":"Received message:","service":"api-gateway","timestamp":"2025-03-02T06:36:18.372Z"}
{"level":"info","message":"Email-service reached","service":"api-gateway","timestamp":"2025-03-02T06:36:18.373Z"}
{"level":"info","message":"Email sent to shinithp78@gmail.com","service":"api-gateway","timestamp":"2025-03-02T06:36:22.461Z"}
{"level":"info","message":"Stored otp in Redis for user: otp:shinithp78@gmail.com","service":"api-gateway","timestamp":"2025-03-02T06:36:22.473Z"}
{"email":"shinithp78@gmail.com","level":"info","message":"Received message:","service":"api-gateway","timestamp":"2025-03-02T06:37:18.167Z"}
{"level":"info","message":"Email-service reached","service":"api-gateway","timestamp":"2025-03-02T06:37:18.168Z"}
{"level":"info","message":"Email sent to shinithp78@gmail.com","service":"api-gateway","timestamp":"2025-03-02T06:37:22.164Z"}
{"level":"info","message":"Stored otp in Redis for user: otp:shinithp78@gmail.com","service":"api-gateway","timestamp":"2025-03-02T06:37:22.169Z"}
{"email":"shinithp78@gmail.com","level":"info","message":"Received message:","service":"api-gateway","timestamp":"2025-03-02T06:37:26.959Z"}
{"level":"info","message":"Email-service reached","service":"api-gateway","timestamp":"2025-03-02T06:37:26.962Z"}
{"level":"info","message":"Email sent to shinithp78@gmail.com","service":"api-gateway","timestamp":"2025-03-02T06:37:31.264Z"}
{"level":"info","message":"Stored otp in Redis for user: otp:shinithp78@gmail.com","service":"api-gateway","timestamp":"2025-03-02T06:37:31.266Z"}
{"email":"shinithp78@gmail.com","level":"info","message":"Received message:","service":"api-gateway","timestamp":"2025-03-02T06:38:39.998Z"}
{"level":"info","message":"Email-service reached","service":"api-gateway","timestamp":"2025-03-02T06:38:40.000Z"}
{"level":"info","message":"Email sent to shinithp78@gmail.com","service":"api-gateway","timestamp":"2025-03-02T06:38:43.154Z"}
{"level":"info","message":"Stored otp in Redis for user: otp:shinithp78@gmail.com","service":"api-gateway","timestamp":"2025-03-02T06:38:43.157Z"}
{"email":"shinithshini6@gmail.com","level":"info","message":"Received message:","service":"api-gateway","timestamp":"2025-03-02T06:40:54.661Z"}
{"level":"info","message":"Email-service reached","service":"api-gateway","timestamp":"2025-03-02T06:40:54.662Z"}
{"level":"info","message":"Email sent to shinithshini6@gmail.com","service":"api-gateway","timestamp":"2025-03-02T06:40:58.477Z"}
{"level":"info","message":"Stored otp in Redis for user: otp:shinithshini6@gmail.com","service":"api-gateway","timestamp":"2025-03-02T06:40:58.495Z"}
{"email":"shinithp78@gmail.com","level":"info","message":"Received message:","service":"api-gateway","timestamp":"2025-03-02T07:27:00.460Z"}
{"level":"info","message":"Email-service reached","service":"api-gateway","timestamp":"2025-03-02T07:27:00.461Z"}
{"level":"info","message":"Email sent to shinithp78@gmail.com","service":"api-gateway","timestamp":"2025-03-02T07:27:04.751Z"}
{"level":"info","message":"Stored otp in Redis for user: otp:shinithp78@gmail.com","service":"api-gateway","timestamp":"2025-03-02T07:27:04.754Z"}
{"email":"shinithp78@gmail.com","level":"info","message":"Received message:","service":"api-gateway","timestamp":"2025-03-02T07:30:07.032Z"}
{"level":"info","message":"Email-service reached","service":"api-gateway","timestamp":"2025-03-02T07:30:07.034Z"}
{"level":"info","message":"Email sent to shinithp78@gmail.com","service":"api-gateway","timestamp":"2025-03-02T07:30:10.234Z"}
{"level":"info","message":"Stored otp in Redis for user: otp:shinithp78@gmail.com","service":"api-gateway","timestamp":"2025-03-02T07:30:10.237Z"}
{"email":"shinithp78@gmail.com","level":"info","message":"Received message:","service":"api-gateway","timestamp":"2025-03-02T07:30:19.668Z"}
{"level":"info","message":"Email-service reached","service":"api-gateway","timestamp":"2025-03-02T07:30:19.670Z"}
{"level":"info","message":"Email sent to shinithp78@gmail.com","service":"api-gateway","timestamp":"2025-03-02T07:30:22.731Z"}
{"level":"info","message":"Stored otp in Redis for user: otp:shinithp78@gmail.com","service":"api-gateway","timestamp":"2025-03-02T07:30:22.734Z"}
{"email":"shinithp78@gmail.com","level":"info","message":"Received message:","service":"api-gateway","timestamp":"2025-03-02T07:36:14.199Z"}
{"level":"info","message":"Email-service reached","service":"api-gateway","timestamp":"2025-03-02T07:36:14.201Z"}
{"level":"info","message":"Email sent to shinithp78@gmail.com","service":"api-gateway","timestamp":"2025-03-02T07:36:18.565Z"}
{"level":"info","message":"Stored otp in Redis for user: otp:shinithp78@gmail.com","service":"api-gateway","timestamp":"2025-03-02T07:36:18.570Z"}
{"email":"shinithp78@gmail.com","level":"info","message":"Received message:","service":"api-gateway","timestamp":"2025-03-02T07:40:00.861Z"}
{"level":"info","message":"Email-service reached","service":"api-gateway","timestamp":"2025-03-02T07:40:00.863Z"}
{"level":"info","message":"Email sent to shinithp78@gmail.com","service":"api-gateway","timestamp":"2025-03-02T07:40:05.452Z"}
{"level":"info","message":"Stored otp in Redis for user: otp:shinithp78@gmail.com","service":"api-gateway","timestamp":"2025-03-02T07:40:05.455Z"}
{"level":"info","message":"RabbitMQ connected successfully","service":"api-gateway","timestamp":"2025-03-02T07:41:47.988Z"}
{"level":"info","message":" Queue \"OtpQueue\" is ready","service":"api-gateway","timestamp":"2025-03-02T07:41:48.004Z"}
{"level":"info","message":"Listening for messages on queue: \"OtpQueue\"...","service":"api-gateway","timestamp":"2025-03-02T07:41:48.011Z"}
{"level":"info","message":"RabbitMQ connected successfully","service":"api-gateway","timestamp":"2025-03-02T07:45:15.089Z"}
{"level":"info","message":" Queue \"OtpQueue\" is ready","service":"api-gateway","timestamp":"2025-03-02T07:45:15.108Z"}
{"level":"info","message":"Listening for messages on queue: \"OtpQueue\"...","service":"api-gateway","timestamp":"2025-03-02T07:45:15.115Z"}
{"email":"shinithp78@gmail.com","level":"info","message":"Received message:","service":"api-gateway","timestamp":"2025-03-02T07:45:28.773Z"}
{"level":"info","message":"Email-service reached","service":"api-gateway","timestamp":"2025-03-02T07:45:28.777Z"}
{"level":"info","message":"Email sent to shinithp78@gmail.com","service":"api-gateway","timestamp":"2025-03-02T07:45:32.342Z"}
{"level":"info","message":"Stored otp in Redis for user: otp:shinithp78@gmail.com","service":"api-gateway","timestamp":"2025-03-02T07:45:32.351Z"}
{"level":"warn","message":"stored otp :,undefined","service":"api-gateway","timestamp":"2025-03-02T07:45:32.353Z"}
{"level":"info","message":"RabbitMQ connected successfully","service":"api-gateway","timestamp":"2025-03-02T07:49:45.148Z"}
{"level":"info","message":" Queue \"OtpQueue\" is ready","service":"api-gateway","timestamp":"2025-03-02T07:49:45.163Z"}
{"level":"info","message":"Listening for messages on queue: \"OtpQueue\"...","service":"api-gateway","timestamp":"2025-03-02T07:49:45.169Z"}
{"email":"shinithp78@gmail.com","level":"info","message":"Received message:","service":"api-gateway","timestamp":"2025-03-02T07:50:36.505Z"}
{"level":"info","message":"Email-service reached","service":"api-gateway","timestamp":"2025-03-02T07:50:36.507Z"}
{"level":"info","message":"Email sent to shinithp78@gmail.com","service":"api-gateway","timestamp":"2025-03-02T07:50:40.031Z"}
{"level":"info","message":"Stored otp in Redis for user: otp:shinithp78@gmail.com","service":"api-gateway","timestamp":"2025-03-02T07:50:40.035Z"}
{"level":"warn","message":"stored otp :,undefined","service":"api-gateway","timestamp":"2025-03-02T07:50:40.037Z"}
{"level":"info","message":"RabbitMQ connected successfully","service":"api-gateway","timestamp":"2025-03-02T07:53:48.789Z"}
{"level":"info","message":" Queue \"OtpQueue\" is ready","service":"api-gateway","timestamp":"2025-03-02T07:53:48.801Z"}
{"level":"info","message":"Listening for messages on queue: \"OtpQueue\"...","service":"api-gateway","timestamp":"2025-03-02T07:53:48.806Z"}
{"email":"shinithp78@gmail.com","level":"info","message":"Received message:","service":"api-gateway","timestamp":"2025-03-02T07:53:59.565Z"}
{"level":"info","message":"Email-service reached","service":"api-gateway","timestamp":"2025-03-02T07:53:59.567Z"}
{"level":"info","message":"Email sent to shinithp78@gmail.com","service":"api-gateway","timestamp":"2025-03-02T07:54:02.918Z"}
{"level":"info","message":"Stored otp in Redis for user: otp:shinithp78@gmail.com, : OK","service":"api-gateway","timestamp":"2025-03-02T07:54:02.925Z"}
{"level":"warn","message":"stored otp :,undefined","service":"api-gateway","timestamp":"2025-03-02T07:54:02.927Z"}
{"email":"shinithp78@gmail.com","level":"info","message":"Received message:","service":"api-gateway","timestamp":"2025-03-02T07:54:51.858Z"}
{"level":"info","message":"Email-service reached","service":"api-gateway","timestamp":"2025-03-02T07:54:51.861Z"}
{"level":"info","message":"Email sent to shinithp78@gmail.com","service":"api-gateway","timestamp":"2025-03-02T07:54:54.963Z"}
{"level":"info","message":"Stored otp in Redis for user: otp:shinithp78@gmail.com, : OK","service":"api-gateway","timestamp":"2025-03-02T07:54:54.965Z"}
{"level":"warn","message":"stored otp :,undefined","service":"api-gateway","timestamp":"2025-03-02T07:54:54.966Z"}
{"level":"info","message":"RabbitMQ connected successfully","service":"api-gateway","timestamp":"2025-03-02T07:55:18.646Z"}
{"level":"info","message":" Queue \"OtpQueue\" is ready","service":"api-gateway","timestamp":"2025-03-02T07:55:18.675Z"}
{"level":"info","message":"Listening for messages on queue: \"OtpQueue\"...","service":"api-gateway","timestamp":"2025-03-02T07:55:18.680Z"}
{"email":"shinithp78@gmail.com","level":"info","message":"Received message:","service":"api-gateway","timestamp":"2025-03-02T07:55:32.488Z"}
{"level":"info","message":"Email-service reached","service":"api-gateway","timestamp":"2025-03-02T07:55:32.490Z"}
{"level":"info","message":"Email sent to shinithp78@gmail.com","service":"api-gateway","timestamp":"2025-03-02T07:55:36.679Z"}
{"level":"info","message":"Stored otp in Redis for user: otp:shinithp78@gmail.com, : 488ee2dcbc61b4dd13aae9ee69fc6f04e603d766f8abe64b84c0fb5ab24d2f83","service":"api-gateway","timestamp":"2025-03-02T07:55:36.685Z"}
{"level":"warn","message":"stored otp :,undefined","service":"api-gateway","timestamp":"2025-03-02T07:55:36.687Z"}
{"email":"shinithp78@gmail.com","level":"info","message":"Received message:","service":"api-gateway","timestamp":"2025-03-02T08:05:06.157Z"}
{"level":"info","message":"Email-service reached","service":"api-gateway","timestamp":"2025-03-02T08:05:06.159Z"}
{"level":"info","message":"Email sent to shinithp78@gmail.com","service":"api-gateway","timestamp":"2025-03-02T08:05:10.363Z"}
{"level":"info","message":"Stored otp in Redis for user: otp:shinithp78@gmail.com, : 9dfb0050201a1d9fc3426911a8ffab29bb674658bc229b95604282205d4cec8f","service":"api-gateway","timestamp":"2025-03-02T08:05:10.365Z"}
{"level":"warn","message":"stored otp :,undefined","service":"api-gateway","timestamp":"2025-03-02T08:05:10.366Z"}
{"level":"info","message":"RabbitMQ connected successfully","service":"api-gateway","timestamp":"2025-03-06T05:23:02.789Z"}
{"level":"info","message":" Queue \"OtpQueue\" is ready","service":"api-gateway","timestamp":"2025-03-06T05:23:02.823Z"}
{"level":"info","message":"Listening for messages on queue: \"OtpQueue\"...","service":"api-gateway","timestamp":"2025-03-06T05:23:02.829Z"}
{"email":"shinithp78@gmail.com","level":"info","message":"Received message:","service":"api-gateway","timestamp":"2025-03-06T05:23:06.987Z"}
{"level":"info","message":"Email-service reached","service":"api-gateway","timestamp":"2025-03-06T05:23:06.990Z"}
{"level":"info","message":"Email sent to shinithp78@gmail.com","service":"api-gateway","timestamp":"2025-03-06T05:23:11.087Z"}
{"email":"shinithp78@gmail.com","level":"info","message":"Received message:","service":"api-gateway","timestamp":"2025-03-06T05:36:52.523Z"}
{"level":"info","message":"Email-service reached","service":"api-gateway","timestamp":"2025-03-06T05:36:52.525Z"}
{"level":"info","message":"Email sent to shinithp78@gmail.com","service":"api-gateway","timestamp":"2025-03-06T05:36:55.555Z"}
{"email":"shinithp78@gmail.com","level":"info","message":"Received message:","service":"api-gateway","timestamp":"2025-03-06T05:59:04.481Z"}
{"level":"info","message":"Email-service reached","service":"api-gateway","timestamp":"2025-03-06T05:59:04.483Z"}
{"level":"info","message":"Email sent to shinithp78@gmail.com","service":"api-gateway","timestamp":"2025-03-06T05:59:08.183Z"}
{"email":"shinithp78@gmail.com","level":"info","message":"Received message:","service":"api-gateway","timestamp":"2025-03-06T06:06:22.555Z"}
{"level":"info","message":"Email-service reached","service":"api-gateway","timestamp":"2025-03-06T06:06:22.556Z"}
{"level":"info","message":"Email sent to shinithp78@gmail.com","service":"api-gateway","timestamp":"2025-03-06T06:06:25.580Z"}
{"email":"shinithp78@gmail.com","level":"info","message":"Received message:","service":"api-gateway","timestamp":"2025-03-06T06:07:52.315Z"}
{"level":"info","message":"Email-service reached","service":"api-gateway","timestamp":"2025-03-06T06:07:52.317Z"}
{"level":"info","message":"Email sent to shinithp78@gmail.com","service":"api-gateway","timestamp":"2025-03-06T06:07:55.213Z"}
{"email":"shinithp78@gmail.com","level":"info","message":"Received message:","service":"api-gateway","timestamp":"2025-03-06T06:10:35.395Z"}
{"level":"info","message":"Email-service reached","service":"api-gateway","timestamp":"2025-03-06T06:10:35.397Z"}
{"level":"info","message":"Email sent to shinithp78@gmail.com","service":"api-gateway","timestamp":"2025-03-06T06:10:38.399Z"}
{"email":"shinithp78@gmail.com","level":"info","message":"Received message:","service":"api-gateway","timestamp":"2025-03-06T06:25:23.305Z"}
{"level":"info","message":"Email-service reached","service":"api-gateway","timestamp":"2025-03-06T06:25:23.306Z"}
{"level":"info","message":"Email sent to shinithp78@gmail.com","service":"api-gateway","timestamp":"2025-03-06T06:25:26.152Z"}
{"email":"shinithp78@gmail.com","level":"info","message":"Received message:","service":"api-gateway","timestamp":"2025-03-06T10:19:49.410Z"}
{"level":"info","message":"Email-service reached","service":"api-gateway","timestamp":"2025-03-06T10:19:49.416Z"}
{"level":"info","message":"Email sent to shinithp78@gmail.com","service":"api-gateway","timestamp":"2025-03-06T10:19:53.305Z"}
{"email":"shinithp78@gmail.com","level":"info","message":"Received message:","service":"api-gateway","timestamp":"2025-03-06T10:30:13.663Z"}
{"level":"info","message":"Email-service reached","service":"api-gateway","timestamp":"2025-03-06T10:30:13.664Z"}
{"level":"info","message":"Email sent to shinithp78@gmail.com","service":"api-gateway","timestamp":"2025-03-06T10:30:17.224Z"}
