{"level":"info","message":"Received POST request to http://localhost:3001/auth/register","service":"api-gateway","timestamp":"2025-03-01T05:46:09.500Z"}
{"level":"debug","message":"Request body: {\n  \"userName\": \"Shinith\",\n  \"email\": \"shinithp78@gmail.com\",\n  \"password\": \"Shinith@1632\",\n  \"confirmPassword\": \"Shinith@1632\"\n}","service":"api-gateway","timestamp":"2025-03-01T05:46:09.502Z"}
{"level":"info","message":"Received registration request with data: {\"userName\":\"Shinith\",\"email\":\"shinithp78@gmail.com\",\"password\":\"Shinith@1632\",\"confirmPassword\":\"Shinith@1632\"}","service":"api-gateway","timestamp":"2025-03-01T05:46:09.505Z"}
{"level":"error","message":"Error: Email is already registered\n    at C:\\Users\\user\\Desktop\\LearnEasy-Platform\\backend\\services\\auth-service\\src\\utils\\validation.ts:14:15\n    at Generator.next (<anonymous>)\n    at fulfilled (C:\\Users\\user\\Desktop\\LearnEasy-Platform\\backend\\services\\auth-service\\src\\utils\\validation.ts:5:58)\n    at processTicksAndRejections (node:internal/process/task_queues:95:5)","service":"api-gateway","timestamp":"2025-03-01T05:46:09.549Z"}
{"level":"info","message":"Received POST request to http://localhost:3001/auth/register","service":"api-gateway","timestamp":"2025-03-01T05:46:31.949Z"}
{"level":"debug","message":"Request body: {\n  \"userName\": \"Shinith\",\n  \"email\": \"shinithshini6@gmail.com\",\n  \"password\": \"Shinith@1632\",\n  \"confirmPassword\": \"Shinith@1632\"\n}","service":"api-gateway","timestamp":"2025-03-01T05:46:31.951Z"}
{"level":"info","message":"Received registration request with data: {\"userName\":\"Shinith\",\"email\":\"shinithshini6@gmail.com\",\"password\":\"Shinith@1632\",\"confirmPassword\":\"Shinith@1632\"}","service":"api-gateway","timestamp":"2025-03-01T05:46:31.958Z"}
{"level":"info","message":" Message sent to queue \"OtpQueue\", {\"email\":\"shinithshini6@gmail.com\"}","service":"api-gateway","timestamp":"2025-03-01T05:46:32.042Z"}
{"level":"info","message":"Received POST request to http://localhost:3001/auth/register","service":"api-gateway","timestamp":"2025-03-01T05:47:05.816Z"}
{"level":"debug","message":"Request body: {\n  \"userName\": \"Shinith\",\n  \"email\": \"shinithshini6@gmail.com\",\n  \"password\": \"Shinith@1632\",\n  \"confirmPassword\": \"Shinith@1632\"\n}","service":"api-gateway","timestamp":"2025-03-01T05:47:05.817Z"}
{"level":"info","message":"Received registration request with data: {\"userName\":\"Shinith\",\"email\":\"shinithshini6@gmail.com\",\"password\":\"Shinith@1632\",\"confirmPassword\":\"Shinith@1632\"}","service":"api-gateway","timestamp":"2025-03-01T05:47:05.819Z"}
{"level":"info","message":" Message sent to queue \"OtpQueue\", {\"email\":\"shinithshini6@gmail.com\"}","service":"api-gateway","timestamp":"2025-03-01T05:47:05.831Z"}
{"level":"info","message":"Received POST request to http://localhost:3001/auth/register","service":"api-gateway","timestamp":"2025-03-01T05:51:21.322Z"}
{"level":"debug","message":"Request body: {\n  \"userName\": \"Shinith\",\n  \"email\": \"shinithshini6@gmail.com\",\n  \"password\": \"Shinith@1632\",\n  \"confirmPassword\": \"Shinith@1632\"\n}","service":"api-gateway","timestamp":"2025-03-01T05:51:21.323Z"}
{"level":"info","message":"Received registration request with data: {\"userName\":\"Shinith\",\"email\":\"shinithshini6@gmail.com\",\"password\":\"Shinith@1632\",\"confirmPassword\":\"Shinith@1632\"}","service":"api-gateway","timestamp":"2025-03-01T05:51:21.325Z"}
{"level":"info","message":" Message sent to queue \"OtpQueue\", {\"email\":\"shinithshini6@gmail.com\"}","service":"api-gateway","timestamp":"2025-03-01T05:51:21.340Z"}
{"level":"info","message":"Received POST request to http://localhost:3001/auth/register","service":"api-gateway","timestamp":"2025-03-01T05:52:57.517Z"}
{"level":"debug","message":"Request body: {\n  \"userName\": \"Shinith\",\n  \"email\": \"shinithshini6@gmail.com\",\n  \"password\": \"Shinith@1632\",\n  \"confirmPassword\": \"Shinith@1632\"\n}","service":"api-gateway","timestamp":"2025-03-01T05:52:57.519Z"}
{"level":"info","message":"Received registration request with data: {\"userName\":\"Shinith\",\"email\":\"shinithshini6@gmail.com\",\"password\":\"Shinith@1632\",\"confirmPassword\":\"Shinith@1632\"}","service":"api-gateway","timestamp":"2025-03-01T05:52:57.521Z"}
{"level":"info","message":" Message sent to queue \"OtpQueue\", {\"email\":\"shinithshini6@gmail.com\"}","service":"api-gateway","timestamp":"2025-03-01T05:52:57.539Z"}
{"level":"info","message":"Received POST request to http://localhost:3001/auth/register","service":"api-gateway","timestamp":"2025-03-01T05:55:35.933Z"}
{"level":"debug","message":"Request body: {\n  \"userName\": \"Shinith\",\n  \"email\": \"shinithshini6@gmail.com\",\n  \"password\": \"Shinith@1632\",\n  \"confirmPassword\": \"Shinith@1632\"\n}","service":"api-gateway","timestamp":"2025-03-01T05:55:35.934Z"}
{"level":"info","message":"Received registration request with data: {\"userName\":\"Shinith\",\"email\":\"shinithshini6@gmail.com\",\"password\":\"Shinith@1632\",\"confirmPassword\":\"Shinith@1632\"}","service":"api-gateway","timestamp":"2025-03-01T05:55:35.936Z"}
{"level":"info","message":" Message sent to queue \"OtpQueue\", {\"email\":\"shinithshini6@gmail.com\"}","service":"api-gateway","timestamp":"2025-03-01T05:55:35.953Z"}
{"level":"info","message":"Received POST request to http://localhost:3001/auth/register","service":"api-gateway","timestamp":"2025-03-01T05:56:26.213Z"}
{"level":"debug","message":"Request body: {\n  \"userName\": \"Shinith\",\n  \"email\": \"shinithshini6@gmail.com\",\n  \"password\": \"Shinith@1632\",\n  \"confirmPassword\": \"Shinith@1632\"\n}","service":"api-gateway","timestamp":"2025-03-01T05:56:26.214Z"}
{"level":"info","message":"Received registration request with data: {\"userName\":\"Shinith\",\"email\":\"shinithshini6@gmail.com\",\"password\":\"Shinith@1632\",\"confirmPassword\":\"Shinith@1632\"}","service":"api-gateway","timestamp":"2025-03-01T05:56:26.217Z"}
{"level":"info","message":" Message sent to queue \"OtpQueue\", {\"email\":\"shinithshini6@gmail.com\"}","service":"api-gateway","timestamp":"2025-03-01T05:56:26.231Z"}
{"level":"info","message":"Received POST request to http://localhost:3001/auth/register","service":"api-gateway","timestamp":"2025-03-01T05:58:25.082Z"}
{"level":"debug","message":"Request body: {\n  \"userName\": \"Shinith\",\n  \"email\": \"shinithshini6@gmail.com\",\n  \"password\": \"Shinith@1632\",\n  \"confirmPassword\": \"Shinith@1632\"\n}","service":"api-gateway","timestamp":"2025-03-01T05:58:25.083Z"}
{"level":"info","message":"Received registration request with data: {\"userName\":\"Shinith\",\"email\":\"shinithshini6@gmail.com\",\"password\":\"Shinith@1632\",\"confirmPassword\":\"Shinith@1632\"}","service":"api-gateway","timestamp":"2025-03-01T05:58:25.085Z"}
{"level":"info","message":" Message sent to queue \"OtpQueue\", {\"email\":\"shinithshini6@gmail.com\"}","service":"api-gateway","timestamp":"2025-03-01T05:58:25.098Z"}
{"level":"info","message":"Received POST request to http://localhost:3001/auth/register","service":"api-gateway","timestamp":"2025-03-01T06:03:59.086Z"}
{"level":"debug","message":"Request body: {\n  \"userName\": \"Shinith\",\n  \"email\": \"shinithshini6@gmail.com\",\n  \"password\": \"Shinith@1632\",\n  \"confirmPassword\": \"Shinith@1632\"\n}","service":"api-gateway","timestamp":"2025-03-01T06:03:59.086Z"}
{"level":"info","message":"Received registration request with data: {\"userName\":\"Shinith\",\"email\":\"shinithshini6@gmail.com\",\"password\":\"Shinith@1632\",\"confirmPassword\":\"Shinith@1632\"}","service":"api-gateway","timestamp":"2025-03-01T06:03:59.089Z"}
{"level":"info","message":" Message sent to queue \"OtpQueue\", {\"email\":\"shinithshini6@gmail.com\"}","service":"api-gateway","timestamp":"2025-03-01T06:03:59.098Z"}
{"level":"info","message":"Received POST request to http://localhost:3001/auth/register","service":"api-gateway","timestamp":"2025-03-01T06:04:37.620Z"}
{"level":"debug","message":"Request body: {\n  \"userName\": \"Shinith\",\n  \"email\": \"shinithshini6@gmail.com\",\n  \"password\": \"Shinith@1632\",\n  \"confirmPassword\": \"Shinith@1632\"\n}","service":"api-gateway","timestamp":"2025-03-01T06:04:37.621Z"}
{"level":"info","message":"Received registration request with data: {\"userName\":\"Shinith\",\"email\":\"shinithshini6@gmail.com\",\"password\":\"Shinith@1632\",\"confirmPassword\":\"Shinith@1632\"}","service":"api-gateway","timestamp":"2025-03-01T06:04:37.623Z"}
{"level":"info","message":" Message sent to queue \"OtpQueue\", {\"email\":\"shinithshini6@gmail.com\"}","service":"api-gateway","timestamp":"2025-03-01T06:04:37.633Z"}
{"level":"info","message":"Received POST request to http://localhost:3001/auth/register","service":"api-gateway","timestamp":"2025-03-01T06:11:40.758Z"}
{"level":"debug","message":"Request body: {\n  \"userName\": \"Shinith\",\n  \"email\": \"shinithshini6@gmail.com\",\n  \"password\": \"Shinith@1632\",\n  \"confirmPassword\": \"Shinith@1632\"\n}","service":"api-gateway","timestamp":"2025-03-01T06:11:40.759Z"}
{"level":"info","message":"Received registration request with data: {\"userName\":\"Shinith\",\"email\":\"shinithshini6@gmail.com\",\"password\":\"Shinith@1632\",\"confirmPassword\":\"Shinith@1632\"}","service":"api-gateway","timestamp":"2025-03-01T06:11:40.761Z"}
{"level":"info","message":" Message sent to queue \"OtpQueue\", {\"email\":\"shinithshini6@gmail.com\"}","service":"api-gateway","timestamp":"2025-03-01T06:11:40.776Z"}
{"level":"info","message":"User Service running on port 3001","service":"api-gateway","timestamp":"2025-03-01T06:50:52.840Z"}
{"level":"info","message":"MongoDB Connected Successfull: localhost","service":"api-gateway","timestamp":"2025-03-01T06:50:52.906Z"}
{"level":"info","message":"RabbitMQ connected successfully","service":"api-gateway","timestamp":"2025-03-01T06:50:52.979Z"}
{"level":"info","message":" Queue \"AuthQueue\" is ready","service":"api-gateway","timestamp":"2025-03-01T06:50:52.985Z"}
{"level":"error","message":"RabbitMQ connection error: Heartbeat timeout","service":"api-gateway","stack":"Error: Heartbeat timeout\n    at Heart.<anonymous> (C:\\Users\\user\\Desktop\\LearnEasy-Platform\\backend\\node_modules\\amqplib\\lib\\connection.js:379:21)\n    at Heart.emit (node:events:514:28)\n    at Heart.emit (node:domain:488:12)\n    at Heart.runHeartbeat (C:\\Users\\user\\Desktop\\LearnEasy-Platform\\backend\\node_modules\\amqplib\\lib\\heartbeat.js:88:7)\n    at listOnTimeout (node:internal/timers:573:17)\n    at processTimers (node:internal/timers:514:7)","timestamp":"2025-03-01T15:14:36.651Z"}
{"level":"info","message":"User Service running on port 3001","service":"api-gateway","timestamp":"2025-03-01T18:18:11.244Z"}
{"level":"info","message":"MongoDB Connected Successfull: localhost","service":"api-gateway","timestamp":"2025-03-01T18:18:11.282Z"}
{"level":"info","message":"RabbitMQ connected successfully","service":"api-gateway","timestamp":"2025-03-01T18:18:11.423Z"}
{"level":"info","message":" Queue \"AuthQueue\" is ready","service":"api-gateway","timestamp":"2025-03-01T18:18:11.434Z"}
{"level":"info","message":"Received POST request to http://localhost:3001/auth/register","service":"api-gateway","timestamp":"2025-03-01T18:18:20.310Z"}
{"level":"debug","message":"Request body: {\n  \"email\": \"shinithp78@gmail.com\",\n  \"password\": \"Shinith@1632\",\n  \"userName\": \"shinith\",\n  \"confirmPassword\": \"Shinith@1632\"\n}","service":"api-gateway","timestamp":"2025-03-01T18:18:20.311Z"}
{"level":"info","message":"Received registration request with data: {\"email\":\"shinithp78@gmail.com\",\"password\":\"Shinith@1632\",\"userName\":\"shinith\",\"confirmPassword\":\"Shinith@1632\"}","service":"api-gateway","timestamp":"2025-03-01T18:18:20.315Z"}
{"level":"error","message":"Error: Email is already registered\n    at C:\\Users\\user\\Desktop\\LearnEasy-Platform\\backend\\services\\auth-service\\src\\utils\\validation.ts:14:15\n    at Generator.next (<anonymous>)\n    at fulfilled (C:\\Users\\user\\Desktop\\LearnEasy-Platform\\backend\\services\\auth-service\\src\\utils\\validation.ts:5:58)\n    at processTicksAndRejections (node:internal/process/task_queues:95:5)","service":"api-gateway","timestamp":"2025-03-01T18:18:20.362Z"}
{"level":"info","message":"Received POST request to http://localhost:3001/auth/register","service":"api-gateway","timestamp":"2025-03-01T18:18:56.115Z"}
{"level":"debug","message":"Request body: {\n  \"email\": \"shinithp78@gmail.com\",\n  \"password\": \"Shinith@1632\",\n  \"userName\": \"shinith\",\n  \"confirmPassword\": \"Shinith@1632\"\n}","service":"api-gateway","timestamp":"2025-03-01T18:18:56.117Z"}
{"level":"info","message":"Received registration request with data: {\"email\":\"shinithp78@gmail.com\",\"password\":\"Shinith@1632\",\"userName\":\"shinith\",\"confirmPassword\":\"Shinith@1632\"}","service":"api-gateway","timestamp":"2025-03-01T18:18:56.120Z"}
{"level":"info","message":" Message sent to queue \"OtpQueue\", {\"email\":\"shinithp78@gmail.com\"}","service":"api-gateway","timestamp":"2025-03-01T18:18:56.209Z"}
{"level":"info","message":"Received POST request to http://localhost:3001/auth/register","service":"api-gateway","timestamp":"2025-03-01T18:21:09.638Z"}
{"level":"debug","message":"Request body: {\n  \"email\": \"shinithp78@gmail.com\",\n  \"password\": \"Shinith@1632\",\n  \"userName\": \"shinith\",\n  \"confirmPassword\": \"Shinith@1632\"\n}","service":"api-gateway","timestamp":"2025-03-01T18:21:09.640Z"}
{"level":"info","message":"Received registration request with data: {\"email\":\"shinithp78@gmail.com\",\"password\":\"Shinith@1632\",\"userName\":\"shinith\",\"confirmPassword\":\"Shinith@1632\"}","service":"api-gateway","timestamp":"2025-03-01T18:21:09.642Z"}
{"level":"info","message":" Message sent to queue \"OtpQueue\", {\"email\":\"shinithp78@gmail.com\"}","service":"api-gateway","timestamp":"2025-03-01T18:21:09.658Z"}
{"level":"info","message":"Received POST request to http://localhost:3001/auth/register","service":"api-gateway","timestamp":"2025-03-01T18:26:05.894Z"}
{"level":"debug","message":"Request body: {\n  \"email\": \"shinithp78@gmail.com\",\n  \"password\": \"Shinith@1632\",\n  \"userName\": \"shinith\",\n  \"confirmPassword\": \"Shinith@1632\"\n}","service":"api-gateway","timestamp":"2025-03-01T18:26:05.896Z"}
{"level":"info","message":"Received registration request with data: {\"email\":\"shinithp78@gmail.com\",\"password\":\"Shinith@1632\",\"userName\":\"shinith\",\"confirmPassword\":\"Shinith@1632\"}","service":"api-gateway","timestamp":"2025-03-01T18:26:05.898Z"}
{"level":"info","message":" Message sent to queue \"OtpQueue\", {\"email\":\"shinithp78@gmail.com\"}","service":"api-gateway","timestamp":"2025-03-01T18:26:05.912Z"}
{"level":"info","message":"Received POST request to http://localhost:3001/auth/register","service":"api-gateway","timestamp":"2025-03-01T18:26:25.143Z"}
{"level":"debug","message":"Request body: {\n  \"email\": \"shinithp78@gmail.com\",\n  \"password\": \"Shinith@1632\",\n  \"userName\": \"shinith\",\n  \"confirmPassword\": \"Shinith@1632\"\n}","service":"api-gateway","timestamp":"2025-03-01T18:26:25.145Z"}
{"level":"info","message":"Received registration request with data: {\"email\":\"shinithp78@gmail.com\",\"password\":\"Shinith@1632\",\"userName\":\"shinith\",\"confirmPassword\":\"Shinith@1632\"}","service":"api-gateway","timestamp":"2025-03-01T18:26:25.148Z"}
{"level":"info","message":" Message sent to queue \"OtpQueue\", {\"email\":\"shinithp78@gmail.com\"}","service":"api-gateway","timestamp":"2025-03-01T18:26:25.166Z"}
{"level":"info","message":"Received POST request to http://localhost:3001/auth/register","service":"api-gateway","timestamp":"2025-03-01T18:27:21.142Z"}
{"level":"debug","message":"Request body: {\n  \"email\": \"shinithp78@gmail.com\",\n  \"password\": \"Shinith@1632\",\n  \"userName\": \"shinith\",\n  \"confirmPassword\": \"Shinith@1632\"\n}","service":"api-gateway","timestamp":"2025-03-01T18:27:21.143Z"}
{"level":"info","message":"Received registration request with data: {\"email\":\"shinithp78@gmail.com\",\"password\":\"Shinith@1632\",\"userName\":\"shinith\",\"confirmPassword\":\"Shinith@1632\"}","service":"api-gateway","timestamp":"2025-03-01T18:27:21.145Z"}
{"level":"info","message":" Message sent to queue \"OtpQueue\", {\"email\":\"shinithp78@gmail.com\"}","service":"api-gateway","timestamp":"2025-03-01T18:27:21.159Z"}
{"level":"info","message":"Received POST request to http://localhost:3001/auth/register","service":"api-gateway","timestamp":"2025-03-01T18:27:54.974Z"}
{"level":"debug","message":"Request body: {\n  \"email\": \"shinithp78@gmail.com\",\n  \"password\": \"Shinith@1632\",\n  \"userName\": \"shinith\",\n  \"confirmPassword\": \"Shinith@1632\"\n}","service":"api-gateway","timestamp":"2025-03-01T18:27:54.975Z"}
{"level":"info","message":"Received registration request with data: {\"email\":\"shinithp78@gmail.com\",\"password\":\"Shinith@1632\",\"userName\":\"shinith\",\"confirmPassword\":\"Shinith@1632\"}","service":"api-gateway","timestamp":"2025-03-01T18:27:54.977Z"}
{"level":"info","message":" Message sent to queue \"OtpQueue\", {\"email\":\"shinithp78@gmail.com\"}","service":"api-gateway","timestamp":"2025-03-01T18:27:54.989Z"}
{"level":"info","message":"Received POST request to http://localhost:3001/auth/register","service":"api-gateway","timestamp":"2025-03-01T18:28:03.313Z"}
{"level":"debug","message":"Request body: {\n  \"email\": \"shinithp78@gmail.com\",\n  \"password\": \"Shinith@1632\",\n  \"userName\": \"shinith\",\n  \"confirmPassword\": \"Shinith@1632\"\n}","service":"api-gateway","timestamp":"2025-03-01T18:28:03.314Z"}
{"level":"info","message":"Received registration request with data: {\"email\":\"shinithp78@gmail.com\",\"password\":\"Shinith@1632\",\"userName\":\"shinith\",\"confirmPassword\":\"Shinith@1632\"}","service":"api-gateway","timestamp":"2025-03-01T18:28:03.316Z"}
{"level":"info","message":" Message sent to queue \"OtpQueue\", {\"email\":\"shinithp78@gmail.com\"}","service":"api-gateway","timestamp":"2025-03-01T18:28:03.335Z"}
{"level":"info","message":"Received POST request to http://localhost:3001/auth/register","service":"api-gateway","timestamp":"2025-03-01T18:28:18.101Z"}
{"level":"debug","message":"Request body: {\n  \"email\": \"shinithp78@gmail.com\",\n  \"password\": \"Shinith@1632\",\n  \"userName\": \"shinith\",\n  \"confirmPassword\": \"Shinith@1632\"\n}","service":"api-gateway","timestamp":"2025-03-01T18:28:18.102Z"}
{"level":"info","message":"Received registration request with data: {\"email\":\"shinithp78@gmail.com\",\"password\":\"Shinith@1632\",\"userName\":\"shinith\",\"confirmPassword\":\"Shinith@1632\"}","service":"api-gateway","timestamp":"2025-03-01T18:28:18.104Z"}
{"level":"info","message":" Message sent to queue \"OtpQueue\", {\"email\":\"shinithp78@gmail.com\"}","service":"api-gateway","timestamp":"2025-03-01T18:28:18.117Z"}
{"level":"info","message":"User Service running on port 3001","service":"api-gateway","timestamp":"2025-03-02T06:36:13.923Z"}
{"level":"info","message":"MongoDB Connected Successfull: localhost","service":"api-gateway","timestamp":"2025-03-02T06:36:13.967Z"}
{"level":"info","message":"RabbitMQ connected successfully","service":"api-gateway","timestamp":"2025-03-02T06:36:14.076Z"}
{"level":"info","message":" Queue \"AuthQueue\" is ready","service":"api-gateway","timestamp":"2025-03-02T06:36:14.100Z"}
{"level":"info","message":"Received POST request to http://localhost:3001/auth/register","service":"api-gateway","timestamp":"2025-03-02T06:36:18.280Z"}
{"level":"debug","message":"Request body: {\n  \"email\": \"shinithp78@gmail.com\",\n  \"password\": \"Shinith@1632\",\n  \"userName\": \"shinith\",\n  \"confirmPassword\": \"Shinith@1632\"\n}","service":"api-gateway","timestamp":"2025-03-02T06:36:18.281Z"}
{"level":"info","message":"Received registration request with data: {\"email\":\"shinithp78@gmail.com\",\"password\":\"Shinith@1632\",\"userName\":\"shinith\",\"confirmPassword\":\"Shinith@1632\"}","service":"api-gateway","timestamp":"2025-03-02T06:36:18.283Z"}
{"level":"info","message":" Message sent to queue \"OtpQueue\", {\"email\":\"shinithp78@gmail.com\"}","service":"api-gateway","timestamp":"2025-03-02T06:36:18.340Z"}
{"level":"info","message":"Received POST request to http://localhost:3001/auth/register","service":"api-gateway","timestamp":"2025-03-02T06:37:18.131Z"}
{"level":"debug","message":"Request body: {\n  \"email\": \"shinithp78@gmail.com\",\n  \"password\": \"Shinith@1632\",\n  \"userName\": \"shinith\",\n  \"confirmPassword\": \"Shinith@1632\"\n}","service":"api-gateway","timestamp":"2025-03-02T06:37:18.133Z"}
{"level":"info","message":"Received registration request with data: {\"email\":\"shinithp78@gmail.com\",\"password\":\"Shinith@1632\",\"userName\":\"shinith\",\"confirmPassword\":\"Shinith@1632\"}","service":"api-gateway","timestamp":"2025-03-02T06:37:18.135Z"}
{"level":"info","message":" Message sent to queue \"OtpQueue\", {\"email\":\"shinithp78@gmail.com\"}","service":"api-gateway","timestamp":"2025-03-02T06:37:18.156Z"}
{"level":"error","message":"MongoServerError: E11000 duplicate key error collection: e-learning-platform.tempusers index: email_1 dup key: { email: \"shinithp78@gmail.com\" }\n    at InsertOneOperation.execute (C:\\Users\\user\\Desktop\\LearnEasy-Platform\\backend\\services\\auth-service\\node_modules\\mongodb\\src\\operations\\insert.ts:88:13)\n    at processTicksAndRejections (node:internal/process/task_queues:95:5)\n    at async tryOperation (C:\\Users\\user\\Desktop\\LearnEasy-Platform\\backend\\services\\auth-service\\node_modules\\mongodb\\src\\operations\\execute_operation.ts:283:14)\n    at async executeOperation (C:\\Users\\user\\Desktop\\LearnEasy-Platform\\backend\\services\\auth-service\\node_modules\\mongodb\\src\\operations\\execute_operation.ts:115:12)\n    at async Collection.insertOne (C:\\Users\\user\\Desktop\\LearnEasy-Platform\\backend\\services\\auth-service\\node_modules\\mongodb\\src\\collection.ts:285:12)","service":"api-gateway","timestamp":"2025-03-02T06:37:18.320Z"}
{"level":"info","message":"Received POST request to http://localhost:3001/auth/register","service":"api-gateway","timestamp":"2025-03-02T06:37:26.921Z"}
{"level":"debug","message":"Request body: {\n  \"email\": \"shinithp78@gmail.com\",\n  \"password\": \"Shinith@1632\",\n  \"userName\": \"shinith\",\n  \"confirmPassword\": \"Shinith@1632\"\n}","service":"api-gateway","timestamp":"2025-03-02T06:37:26.922Z"}
{"level":"info","message":"Received registration request with data: {\"email\":\"shinithp78@gmail.com\",\"password\":\"Shinith@1632\",\"userName\":\"shinith\",\"confirmPassword\":\"Shinith@1632\"}","service":"api-gateway","timestamp":"2025-03-02T06:37:26.929Z"}
{"level":"info","message":" Message sent to queue \"OtpQueue\", {\"email\":\"shinithp78@gmail.com\"}","service":"api-gateway","timestamp":"2025-03-02T06:37:26.947Z"}
{"level":"error","message":"MongoServerError: E11000 duplicate key error collection: e-learning-platform.tempusers index: email_1 dup key: { email: \"shinithp78@gmail.com\" }\n    at InsertOneOperation.execute (C:\\Users\\user\\Desktop\\LearnEasy-Platform\\backend\\services\\auth-service\\node_modules\\mongodb\\src\\operations\\insert.ts:88:13)\n    at processTicksAndRejections (node:internal/process/task_queues:95:5)\n    at async tryOperation (C:\\Users\\user\\Desktop\\LearnEasy-Platform\\backend\\services\\auth-service\\node_modules\\mongodb\\src\\operations\\execute_operation.ts:283:14)\n    at async executeOperation (C:\\Users\\user\\Desktop\\LearnEasy-Platform\\backend\\services\\auth-service\\node_modules\\mongodb\\src\\operations\\execute_operation.ts:115:12)\n    at async Collection.insertOne (C:\\Users\\user\\Desktop\\LearnEasy-Platform\\backend\\services\\auth-service\\node_modules\\mongodb\\src\\collection.ts:285:12)","service":"api-gateway","timestamp":"2025-03-02T06:37:27.090Z"}
{"level":"info","message":"User Service running on port 3001","service":"api-gateway","timestamp":"2025-03-02T06:37:55.975Z"}
{"level":"info","message":"MongoDB Connected Successfull: localhost","service":"api-gateway","timestamp":"2025-03-02T06:37:56.051Z"}
{"level":"info","message":"RabbitMQ connected successfully","service":"api-gateway","timestamp":"2025-03-02T06:37:56.125Z"}
{"level":"info","message":" Queue \"AuthQueue\" is ready","service":"api-gateway","timestamp":"2025-03-02T06:37:56.130Z"}
{"level":"info","message":"Received POST request to http://localhost:3001/auth/register","service":"api-gateway","timestamp":"2025-03-02T06:38:39.855Z"}
{"level":"debug","message":"Request body: {\n  \"email\": \"shinithp78@gmail.com\",\n  \"password\": \"Shinith@1632\",\n  \"userName\": \"shinith\",\n  \"confirmPassword\": \"Shinith@1632\"\n}","service":"api-gateway","timestamp":"2025-03-02T06:38:39.856Z"}
{"level":"info","message":"Received registration request with data: {\"email\":\"shinithp78@gmail.com\",\"password\":\"Shinith@1632\",\"userName\":\"shinith\",\"confirmPassword\":\"Shinith@1632\"}","service":"api-gateway","timestamp":"2025-03-02T06:38:39.873Z"}
{"level":"info","message":" Message sent to queue \"OtpQueue\", {\"email\":\"shinithp78@gmail.com\"}","service":"api-gateway","timestamp":"2025-03-02T06:38:39.977Z"}
{"level":"info","message":"Received POST request to http://localhost:3001/auth/register","service":"api-gateway","timestamp":"2025-03-02T06:40:54.625Z"}
{"level":"debug","message":"Request body: {\n  \"email\": \"shinithshini6@gmail.com\",\n  \"password\": \"Shinith@1632\",\n  \"userName\": \"shinith\",\n  \"confirmPassword\": \"Shinith@1632\"\n}","service":"api-gateway","timestamp":"2025-03-02T06:40:54.627Z"}
{"level":"info","message":"Received registration request with data: {\"email\":\"shinithshini6@gmail.com\",\"password\":\"Shinith@1632\",\"userName\":\"shinith\",\"confirmPassword\":\"Shinith@1632\"}","service":"api-gateway","timestamp":"2025-03-02T06:40:54.631Z"}
{"level":"info","message":" Message sent to queue \"OtpQueue\", {\"email\":\"shinithshini6@gmail.com\"}","service":"api-gateway","timestamp":"2025-03-02T06:40:54.650Z"}
{"level":"info","message":"User Service running on port 3001","service":"api-gateway","timestamp":"2025-03-02T07:26:06.909Z"}
{"level":"info","message":"MongoDB Connected Successfull: localhost","service":"api-gateway","timestamp":"2025-03-02T07:26:06.988Z"}
{"level":"info","message":"RabbitMQ connected successfully","service":"api-gateway","timestamp":"2025-03-02T07:26:07.176Z"}
{"level":"info","message":" Queue \"AuthQueue\" is ready","service":"api-gateway","timestamp":"2025-03-02T07:26:07.187Z"}
{"level":"info","message":"User Service running on port 3001","service":"api-gateway","timestamp":"2025-03-02T07:26:42.439Z"}
{"level":"info","message":"MongoDB Connected Successfull: localhost","service":"api-gateway","timestamp":"2025-03-02T07:26:42.500Z"}
{"level":"info","message":"RabbitMQ connected successfully","service":"api-gateway","timestamp":"2025-03-02T07:26:42.590Z"}
{"level":"info","message":" Queue \"AuthQueue\" is ready","service":"api-gateway","timestamp":"2025-03-02T07:26:42.596Z"}
{"level":"info","message":"Received POST request to http://localhost:3001/auth/register","service":"api-gateway","timestamp":"2025-03-02T07:27:00.343Z"}
{"level":"debug","message":"Request body: {\n  \"email\": \"shinithp78@gmail.com\",\n  \"password\": \"Shinith@1632\",\n  \"userName\": \"shinith\",\n  \"confirmPassword\": \"Shinith@1632\"\n}","service":"api-gateway","timestamp":"2025-03-02T07:27:00.344Z"}
{"level":"info","message":"Received registration request with data: {\"email\":\"shinithp78@gmail.com\",\"password\":\"Shinith@1632\",\"userName\":\"shinith\",\"confirmPassword\":\"Shinith@1632\"}","service":"api-gateway","timestamp":"2025-03-02T07:27:00.347Z"}
{"level":"info","message":" Message sent to queue \"OtpQueue\", {\"email\":\"shinithp78@gmail.com\"}","service":"api-gateway","timestamp":"2025-03-02T07:27:00.430Z"}
{"level":"info","message":"Received POST request to http://localhost:3001/auth/otp","service":"api-gateway","timestamp":"2025-03-02T07:27:21.842Z"}
{"level":"debug","message":"Request body: {\n  \"otp\": \"123456\",\n  \"email\": \"shinithp78@gmail.com\"\n}","service":"api-gateway","timestamp":"2025-03-02T07:27:21.844Z"}
{"level":"info","message":"Received POST request to http://localhost:3001/auth/otp","service":"api-gateway","timestamp":"2025-03-02T07:27:23.296Z"}
{"level":"debug","message":"Request body: {\n  \"otp\": \"123456\",\n  \"email\": \"shinithp78@gmail.com\"\n}","service":"api-gateway","timestamp":"2025-03-02T07:27:23.298Z"}
{"level":"info","message":"Received POST request to http://localhost:3001/auth/otp","service":"api-gateway","timestamp":"2025-03-02T07:27:36.250Z"}
{"level":"debug","message":"Request body: {\n  \"otp\": \"612510\",\n  \"email\": \"shinithp78@gmail.com\"\n}","service":"api-gateway","timestamp":"2025-03-02T07:27:36.251Z"}
{"level":"info","message":"Received POST request to http://localhost:3001/auth/otp","service":"api-gateway","timestamp":"2025-03-02T07:27:38.954Z"}
{"level":"debug","message":"Request body: {\n  \"otp\": \"612510\",\n  \"email\": \"shinithp78@gmail.com\"\n}","service":"api-gateway","timestamp":"2025-03-02T07:27:38.956Z"}
{"level":"info","message":"Received POST request to http://localhost:3001/auth/otp","service":"api-gateway","timestamp":"2025-03-02T07:29:40.333Z"}
{"level":"debug","message":"Request body: {\n  \"otp\": \"612510\",\n  \"email\": \"shinithp78@gmail.com\"\n}","service":"api-gateway","timestamp":"2025-03-02T07:29:40.335Z"}
{"level":"info","message":"Received POST request to http://localhost:3001/auth/register","service":"api-gateway","timestamp":"2025-03-02T07:30:06.997Z"}
{"level":"debug","message":"Request body: {\n  \"email\": \"shinithp78@gmail.com\",\n  \"password\": \"Shinith@1632\",\n  \"userName\": \"shinith\",\n  \"confirmPassword\": \"Shinith@1632\"\n}","service":"api-gateway","timestamp":"2025-03-02T07:30:06.999Z"}
{"level":"info","message":"Received registration request with data: {\"email\":\"shinithp78@gmail.com\",\"password\":\"Shinith@1632\",\"userName\":\"shinith\",\"confirmPassword\":\"Shinith@1632\"}","service":"api-gateway","timestamp":"2025-03-02T07:30:07.002Z"}
{"level":"info","message":" Message sent to queue \"OtpQueue\", {\"email\":\"shinithp78@gmail.com\"}","service":"api-gateway","timestamp":"2025-03-02T07:30:07.021Z"}
{"level":"error","message":"MongoServerError: E11000 duplicate key error collection: e-learning-platform.tempusers index: email_1 dup key: { email: \"shinithp78@gmail.com\" }\n    at InsertOneOperation.execute (C:\\Users\\user\\Desktop\\LearnEasy-Platform\\backend\\services\\auth-service\\node_modules\\mongodb\\src\\operations\\insert.ts:88:13)\n    at processTicksAndRejections (node:internal/process/task_queues:95:5)\n    at async tryOperation (C:\\Users\\user\\Desktop\\LearnEasy-Platform\\backend\\services\\auth-service\\node_modules\\mongodb\\src\\operations\\execute_operation.ts:283:14)\n    at async executeOperation (C:\\Users\\user\\Desktop\\LearnEasy-Platform\\backend\\services\\auth-service\\node_modules\\mongodb\\src\\operations\\execute_operation.ts:115:12)\n    at async Collection.insertOne (C:\\Users\\user\\Desktop\\LearnEasy-Platform\\backend\\services\\auth-service\\node_modules\\mongodb\\src\\collection.ts:285:12)","service":"api-gateway","timestamp":"2025-03-02T07:30:07.174Z"}
{"level":"info","message":"Received POST request to http://localhost:3001/auth/register","service":"api-gateway","timestamp":"2025-03-02T07:30:19.634Z"}
{"level":"debug","message":"Request body: {\n  \"email\": \"shinithp78@gmail.com\",\n  \"password\": \"Shinith@1632\",\n  \"userName\": \"shinith\",\n  \"confirmPassword\": \"Shinith@1632\"\n}","service":"api-gateway","timestamp":"2025-03-02T07:30:19.635Z"}
{"level":"info","message":"Received registration request with data: {\"email\":\"shinithp78@gmail.com\",\"password\":\"Shinith@1632\",\"userName\":\"shinith\",\"confirmPassword\":\"Shinith@1632\"}","service":"api-gateway","timestamp":"2025-03-02T07:30:19.638Z"}
{"level":"info","message":" Message sent to queue \"OtpQueue\", {\"email\":\"shinithp78@gmail.com\"}","service":"api-gateway","timestamp":"2025-03-02T07:30:19.657Z"}
{"level":"info","message":"Received POST request to http://localhost:3001/auth/verify-otp","service":"api-gateway","timestamp":"2025-03-02T07:30:47.074Z"}
{"level":"debug","message":"Request body: {\n  \"otp\": \"559558\",\n  \"email\": \"shinithp78@gmail.com\"\n}","service":"api-gateway","timestamp":"2025-03-02T07:30:47.075Z"}
{"level":"info","message":"Received otp verify request with data: \"shinithp78@gmail.com\"","service":"api-gateway","timestamp":"2025-03-02T07:30:47.078Z"}
{"level":"info","message":"Deleted refresh token for user: otp:shinithp78@gmail.com","service":"api-gateway","timestamp":"2025-03-02T07:30:47.084Z"}
{"level":"info","message":"Received POST request to http://localhost:3001/auth/verify-otp","service":"api-gateway","timestamp":"2025-03-02T07:30:48.933Z"}
{"level":"debug","message":"Request body: {\n  \"otp\": \"559558\",\n  \"email\": \"shinithp78@gmail.com\"\n}","service":"api-gateway","timestamp":"2025-03-02T07:30:48.934Z"}
{"level":"info","message":"Received otp verify request with data: \"shinithp78@gmail.com\"","service":"api-gateway","timestamp":"2025-03-02T07:30:48.937Z"}
{"level":"error","message":"Error: Invalid or expired OTP.\n    at Function.<anonymous> (C:\\Users\\user\\Desktop\\LearnEasy-Platform\\backend\\services\\auth-service\\src\\services\\authServices.ts:50:32)\n    at Generator.next (<anonymous>)\n    at fulfilled (C:\\Users\\user\\Desktop\\LearnEasy-Platform\\backend\\services\\auth-service\\src\\services\\authServices.ts:5:58)\n    at processTicksAndRejections (node:internal/process/task_queues:95:5)","service":"api-gateway","timestamp":"2025-03-02T07:30:48.942Z"}
{"level":"info","message":"Received POST request to http://localhost:3001/auth/verify-otp","service":"api-gateway","timestamp":"2025-03-02T07:31:18.476Z"}
{"level":"debug","message":"Request body: {\n  \"otp\": \"559558\",\n  \"email\": \"shinithp78@gmail.com\"\n}","service":"api-gateway","timestamp":"2025-03-02T07:31:18.478Z"}
{"level":"info","message":"Received otp verify request with data: \"shinithp78@gmail.com\"","service":"api-gateway","timestamp":"2025-03-02T07:31:18.481Z"}
{"level":"error","message":"Error: Invalid or expired OTP.\n    at Function.<anonymous> (C:\\Users\\user\\Desktop\\LearnEasy-Platform\\backend\\services\\auth-service\\src\\services\\authServices.ts:50:32)\n    at Generator.next (<anonymous>)\n    at fulfilled (C:\\Users\\user\\Desktop\\LearnEasy-Platform\\backend\\services\\auth-service\\src\\services\\authServices.ts:5:58)\n    at processTicksAndRejections (node:internal/process/task_queues:95:5)","service":"api-gateway","timestamp":"2025-03-02T07:31:18.488Z"}
{"level":"info","message":"Received POST request to http://localhost:3001/auth/verify-otp","service":"api-gateway","timestamp":"2025-03-02T07:33:00.884Z"}
{"level":"debug","message":"Request body: {\n  \"otp\": \"559558\",\n  \"email\": \"shinithp78@gmail.com\"\n}","service":"api-gateway","timestamp":"2025-03-02T07:33:00.886Z"}
{"level":"info","message":"Received otp verify request with data: \"shinithp78@gmail.com\"","service":"api-gateway","timestamp":"2025-03-02T07:33:00.889Z"}
{"level":"error","message":"Error: Invalid or expired OTP.\n    at Function.<anonymous> (C:\\Users\\user\\Desktop\\LearnEasy-Platform\\backend\\services\\auth-service\\src\\services\\authServices.ts:50:32)\n    at Generator.next (<anonymous>)\n    at fulfilled (C:\\Users\\user\\Desktop\\LearnEasy-Platform\\backend\\services\\auth-service\\src\\services\\authServices.ts:5:58)\n    at processTicksAndRejections (node:internal/process/task_queues:95:5)","service":"api-gateway","timestamp":"2025-03-02T07:33:00.895Z"}
{"level":"info","message":"Received POST request to http://localhost:3001/auth/verify-otp","service":"api-gateway","timestamp":"2025-03-02T07:33:04.809Z"}
{"level":"debug","message":"Request body: {\n  \"otp\": \"559558\",\n  \"email\": \"shinithp78@gmail.com\"\n}","service":"api-gateway","timestamp":"2025-03-02T07:33:04.810Z"}
{"level":"info","message":"Received otp verify request with data: \"shinithp78@gmail.com\"","service":"api-gateway","timestamp":"2025-03-02T07:33:04.812Z"}
{"level":"error","message":"Error: Invalid or expired OTP.\n    at Function.<anonymous> (C:\\Users\\user\\Desktop\\LearnEasy-Platform\\backend\\services\\auth-service\\src\\services\\authServices.ts:50:32)\n    at Generator.next (<anonymous>)\n    at fulfilled (C:\\Users\\user\\Desktop\\LearnEasy-Platform\\backend\\services\\auth-service\\src\\services\\authServices.ts:5:58)\n    at processTicksAndRejections (node:internal/process/task_queues:95:5)","service":"api-gateway","timestamp":"2025-03-02T07:33:04.817Z"}
{"level":"info","message":"User Service running on port 3001","service":"api-gateway","timestamp":"2025-03-02T07:33:36.021Z"}
{"level":"info","message":"MongoDB Connected Successfull: localhost","service":"api-gateway","timestamp":"2025-03-02T07:33:36.059Z"}
{"level":"info","message":"RabbitMQ connected successfully","service":"api-gateway","timestamp":"2025-03-02T07:33:36.137Z"}
{"level":"info","message":" Queue \"AuthQueue\" is ready","service":"api-gateway","timestamp":"2025-03-02T07:33:36.143Z"}
{"level":"info","message":"Received POST request to http://localhost:3001/auth/verify-otp","service":"api-gateway","timestamp":"2025-03-02T07:34:39.537Z"}
{"level":"debug","message":"Request body: {\n  \"otp\": \"559558\",\n  \"email\": \"shinithp78@gmail.com\"\n}","service":"api-gateway","timestamp":"2025-03-02T07:34:39.540Z"}
{"level":"info","message":"Received otp verify request with data: \"shinithp78@gmail.com\"","service":"api-gateway","timestamp":"2025-03-02T07:34:39.544Z"}
{"level":"error","message":"Error: Invalid or expired OTP.\n    at Function.<anonymous> (C:\\Users\\user\\Desktop\\LearnEasy-Platform\\backend\\services\\auth-service\\src\\services\\authServices.ts:50:32)\n    at Generator.next (<anonymous>)\n    at fulfilled (C:\\Users\\user\\Desktop\\LearnEasy-Platform\\backend\\services\\auth-service\\src\\services\\authServices.ts:5:58)\n    at processTicksAndRejections (node:internal/process/task_queues:95:5)","service":"api-gateway","timestamp":"2025-03-02T07:34:39.564Z"}
{"level":"info","message":"Received POST request to http://localhost:3001/auth/verify-otp","service":"api-gateway","timestamp":"2025-03-02T07:35:17.666Z"}
{"level":"debug","message":"Request body: {\n  \"otp\": \"559558\",\n  \"email\": \"shinithp78@gmail.com\"\n}","service":"api-gateway","timestamp":"2025-03-02T07:35:17.668Z"}
{"level":"info","message":"Received otp verify request with data: \"shinithp78@gmail.com\"","service":"api-gateway","timestamp":"2025-03-02T07:35:17.671Z"}
{"level":"error","message":"Error: Invalid or expired OTP.\n    at Function.<anonymous> (C:\\Users\\user\\Desktop\\LearnEasy-Platform\\backend\\services\\auth-service\\src\\services\\authServices.ts:50:32)\n    at Generator.next (<anonymous>)\n    at fulfilled (C:\\Users\\user\\Desktop\\LearnEasy-Platform\\backend\\services\\auth-service\\src\\services\\authServices.ts:5:58)\n    at processTicksAndRejections (node:internal/process/task_queues:95:5)","service":"api-gateway","timestamp":"2025-03-02T07:35:17.677Z"}
{"level":"info","message":"User Service running on port 3001","service":"api-gateway","timestamp":"2025-03-02T07:35:39.051Z"}
{"level":"info","message":"MongoDB Connected Successfull: localhost","service":"api-gateway","timestamp":"2025-03-02T07:35:39.125Z"}
{"level":"info","message":"RabbitMQ connected successfully","service":"api-gateway","timestamp":"2025-03-02T07:35:39.199Z"}
{"level":"info","message":" Queue \"AuthQueue\" is ready","service":"api-gateway","timestamp":"2025-03-02T07:35:39.204Z"}
{"level":"info","message":"Received POST request to http://localhost:3001/auth/verify-otp","service":"api-gateway","timestamp":"2025-03-02T07:35:41.411Z"}
{"level":"debug","message":"Request body: {\n  \"otp\": \"559558\",\n  \"email\": \"shinithp78@gmail.com\"\n}","service":"api-gateway","timestamp":"2025-03-02T07:35:41.413Z"}
{"level":"info","message":"Received otp verify request with data: \"shinithp78@gmail.com\"","service":"api-gateway","timestamp":"2025-03-02T07:35:41.416Z"}
{"level":"warn","message":"Reached verifyOTP 0ac3c6cf9b75aa632570c42d61ae25894f26b8fb2023f6b55f96974e85f2985c hi , null","service":"api-gateway","timestamp":"2025-03-02T07:35:41.424Z"}
{"level":"error","message":"Error: Invalid or expired OTP.\n    at Function.<anonymous> (C:\\Users\\user\\Desktop\\LearnEasy-Platform\\backend\\services\\auth-service\\src\\services\\authServices.ts:50:32)\n    at Generator.next (<anonymous>)\n    at fulfilled (C:\\Users\\user\\Desktop\\LearnEasy-Platform\\backend\\services\\auth-service\\src\\services\\authServices.ts:5:58)\n    at processTicksAndRejections (node:internal/process/task_queues:95:5)","service":"api-gateway","timestamp":"2025-03-02T07:35:41.440Z"}
{"level":"info","message":"Received POST request to http://localhost:3001/auth/register","service":"api-gateway","timestamp":"2025-03-02T07:36:14.062Z"}
{"level":"debug","message":"Request body: {\n  \"email\": \"shinithp78@gmail.com\",\n  \"password\": \"Shinith@1632\",\n  \"userName\": \"shinith\",\n  \"confirmPassword\": \"Shinith@1632\"\n}","service":"api-gateway","timestamp":"2025-03-02T07:36:14.064Z"}
{"level":"info","message":"Received registration request with data: {\"email\":\"shinithp78@gmail.com\",\"password\":\"Shinith@1632\",\"userName\":\"shinith\",\"confirmPassword\":\"Shinith@1632\"}","service":"api-gateway","timestamp":"2025-03-02T07:36:14.068Z"}
{"level":"info","message":" Message sent to queue \"OtpQueue\", {\"email\":\"shinithp78@gmail.com\"}","service":"api-gateway","timestamp":"2025-03-02T07:36:14.167Z"}
{"level":"info","message":"Received POST request to http://localhost:3001/auth/verify-otp","service":"api-gateway","timestamp":"2025-03-02T07:36:39.380Z"}
{"level":"debug","message":"Request body: {\n  \"otp\": \"290804\",\n  \"email\": \"shinithp78@gmail.com\"\n}","service":"api-gateway","timestamp":"2025-03-02T07:36:39.382Z"}
{"level":"info","message":"Received otp verify request with data: \"shinithp78@gmail.com\"","service":"api-gateway","timestamp":"2025-03-02T07:36:39.423Z"}
{"level":"warn","message":"Reached verifyOTP 5310ced81e66ccdba29fe956691479c4278f1042a1aa9f4aa7eeaa0ad6972e7c hi , 5310ced81e66ccdba29fe956691479c4278f1042a1aa9f4aa7eeaa0ad6972e7c","service":"api-gateway","timestamp":"2025-03-02T07:36:39.427Z"}
{"level":"info","message":"Deleted refresh token for user: otp:shinithp78@gmail.com","service":"api-gateway","timestamp":"2025-03-02T07:36:39.434Z"}
{"level":"info","message":"Received POST request to http://localhost:3001/auth/verify-otp","service":"api-gateway","timestamp":"2025-03-02T07:36:42.618Z"}
{"level":"debug","message":"Request body: {\n  \"otp\": \"290804\",\n  \"email\": \"shinithp78@gmail.com\"\n}","service":"api-gateway","timestamp":"2025-03-02T07:36:42.619Z"}
{"level":"info","message":"Received otp verify request with data: \"shinithp78@gmail.com\"","service":"api-gateway","timestamp":"2025-03-02T07:36:42.622Z"}
{"level":"warn","message":"Reached verifyOTP 5310ced81e66ccdba29fe956691479c4278f1042a1aa9f4aa7eeaa0ad6972e7c hi , null","service":"api-gateway","timestamp":"2025-03-02T07:36:42.624Z"}
{"level":"error","message":"Error: Invalid or expired OTP.\n    at Function.<anonymous> (C:\\Users\\user\\Desktop\\LearnEasy-Platform\\backend\\services\\auth-service\\src\\services\\authServices.ts:50:32)\n    at Generator.next (<anonymous>)\n    at fulfilled (C:\\Users\\user\\Desktop\\LearnEasy-Platform\\backend\\services\\auth-service\\src\\services\\authServices.ts:5:58)\n    at processTicksAndRejections (node:internal/process/task_queues:95:5)","service":"api-gateway","timestamp":"2025-03-02T07:36:42.627Z"}
{"level":"info","message":"Received POST request to http://localhost:3001/auth/verify-otp","service":"api-gateway","timestamp":"2025-03-02T07:37:40.431Z"}
{"level":"debug","message":"Request body: {\n  \"otp\": \"290804\",\n  \"email\": \"shinithp78@gmail.com\"\n}","service":"api-gateway","timestamp":"2025-03-02T07:37:40.432Z"}
{"level":"info","message":"Received otp verify request with data: \"shinithp78@gmail.com\"","service":"api-gateway","timestamp":"2025-03-02T07:37:40.434Z"}
{"level":"warn","message":"Reached verifyOTP 5310ced81e66ccdba29fe956691479c4278f1042a1aa9f4aa7eeaa0ad6972e7c hi , null","service":"api-gateway","timestamp":"2025-03-02T07:37:40.438Z"}
{"level":"error","message":"Error: Invalid or expired OTP.\n    at Function.<anonymous> (C:\\Users\\user\\Desktop\\LearnEasy-Platform\\backend\\services\\auth-service\\src\\services\\authServices.ts:50:32)\n    at Generator.next (<anonymous>)\n    at fulfilled (C:\\Users\\user\\Desktop\\LearnEasy-Platform\\backend\\services\\auth-service\\src\\services\\authServices.ts:5:58)\n    at processTicksAndRejections (node:internal/process/task_queues:95:5)","service":"api-gateway","timestamp":"2025-03-02T07:37:40.441Z"}
{"level":"info","message":"Received POST request to http://localhost:3001/auth/register","service":"api-gateway","timestamp":"2025-03-02T07:40:00.826Z"}
{"level":"debug","message":"Request body: {\n  \"email\": \"shinithp78@gmail.com\",\n  \"password\": \"Shinith@1632\",\n  \"userName\": \"shinith\",\n  \"confirmPassword\": \"Shinith@1632\"\n}","service":"api-gateway","timestamp":"2025-03-02T07:40:00.828Z"}
{"level":"info","message":"Received registration request with data: {\"email\":\"shinithp78@gmail.com\",\"password\":\"Shinith@1632\",\"userName\":\"shinith\",\"confirmPassword\":\"Shinith@1632\"}","service":"api-gateway","timestamp":"2025-03-02T07:40:00.831Z"}
{"level":"info","message":" Message sent to queue \"OtpQueue\", {\"email\":\"shinithp78@gmail.com\"}","service":"api-gateway","timestamp":"2025-03-02T07:40:00.850Z"}
{"level":"info","message":"Received POST request to http://localhost:3001/auth/register","service":"api-gateway","timestamp":"2025-03-02T07:45:28.740Z"}
{"level":"debug","message":"Request body: {\n  \"email\": \"shinithp78@gmail.com\",\n  \"password\": \"Shinith@1632\",\n  \"userName\": \"shinith\",\n  \"confirmPassword\": \"Shinith@1632\"\n}","service":"api-gateway","timestamp":"2025-03-02T07:45:28.742Z"}
{"level":"info","message":"Received registration request with data: {\"email\":\"shinithp78@gmail.com\",\"password\":\"Shinith@1632\",\"userName\":\"shinith\",\"confirmPassword\":\"Shinith@1632\"}","service":"api-gateway","timestamp":"2025-03-02T07:45:28.745Z"}
{"level":"info","message":" Message sent to queue \"OtpQueue\", {\"email\":\"shinithp78@gmail.com\"}","service":"api-gateway","timestamp":"2025-03-02T07:45:28.758Z"}
{"level":"info","message":"User Service running on port 3001","service":"api-gateway","timestamp":"2025-03-02T07:49:23.056Z"}
{"level":"info","message":"MongoDB Connected Successfull: localhost","service":"api-gateway","timestamp":"2025-03-02T07:49:23.105Z"}
{"level":"info","message":"RabbitMQ connected successfully","service":"api-gateway","timestamp":"2025-03-02T07:49:23.192Z"}
{"level":"info","message":" Queue \"AuthQueue\" is ready","service":"api-gateway","timestamp":"2025-03-02T07:49:23.197Z"}
{"level":"info","message":"User Service running on port 3001","service":"api-gateway","timestamp":"2025-03-02T07:49:41.310Z"}
{"level":"info","message":"MongoDB Connected Successfull: localhost","service":"api-gateway","timestamp":"2025-03-02T07:49:41.361Z"}
{"level":"info","message":"RabbitMQ connected successfully","service":"api-gateway","timestamp":"2025-03-02T07:49:41.430Z"}
{"level":"info","message":" Queue \"AuthQueue\" is ready","service":"api-gateway","timestamp":"2025-03-02T07:49:41.440Z"}
{"level":"info","message":"Received POST request to http://localhost:3001/auth/register","service":"api-gateway","timestamp":"2025-03-02T07:50:36.405Z"}
{"level":"debug","message":"Request body: {\n  \"email\": \"shinithp78@gmail.com\",\n  \"password\": \"Shinith@1632\",\n  \"userName\": \"shinith\",\n  \"confirmPassword\": \"Shinith@1632\"\n}","service":"api-gateway","timestamp":"2025-03-02T07:50:36.407Z"}
{"level":"info","message":"Received registration request with data: {\"email\":\"shinithp78@gmail.com\",\"password\":\"Shinith@1632\",\"userName\":\"shinith\",\"confirmPassword\":\"Shinith@1632\"}","service":"api-gateway","timestamp":"2025-03-02T07:50:36.412Z"}
{"level":"info","message":" Message sent to queue \"OtpQueue\", {\"email\":\"shinithp78@gmail.com\"}","service":"api-gateway","timestamp":"2025-03-02T07:50:36.488Z"}
{"level":"info","message":"Received POST request to http://localhost:3001/auth/register","service":"api-gateway","timestamp":"2025-03-02T07:53:59.537Z"}
{"level":"debug","message":"Request body: {\n  \"email\": \"shinithp78@gmail.com\",\n  \"password\": \"Shinith@1632\",\n  \"userName\": \"shinith\",\n  \"confirmPassword\": \"Shinith@1632\"\n}","service":"api-gateway","timestamp":"2025-03-02T07:53:59.539Z"}
{"level":"info","message":"Received registration request with data: {\"email\":\"shinithp78@gmail.com\",\"password\":\"Shinith@1632\",\"userName\":\"shinith\",\"confirmPassword\":\"Shinith@1632\"}","service":"api-gateway","timestamp":"2025-03-02T07:53:59.541Z"}
{"level":"info","message":" Message sent to queue \"OtpQueue\", {\"email\":\"shinithp78@gmail.com\"}","service":"api-gateway","timestamp":"2025-03-02T07:53:59.554Z"}
{"level":"info","message":"Received POST request to http://localhost:3001/auth/register","service":"api-gateway","timestamp":"2025-03-02T07:54:51.831Z"}
{"level":"debug","message":"Request body: {\n  \"email\": \"shinithp78@gmail.com\",\n  \"password\": \"Shinith@1632\",\n  \"userName\": \"shinith\",\n  \"confirmPassword\": \"Shinith@1632\"\n}","service":"api-gateway","timestamp":"2025-03-02T07:54:51.832Z"}
{"level":"info","message":"Received registration request with data: {\"email\":\"shinithp78@gmail.com\",\"password\":\"Shinith@1632\",\"userName\":\"shinith\",\"confirmPassword\":\"Shinith@1632\"}","service":"api-gateway","timestamp":"2025-03-02T07:54:51.834Z"}
{"level":"info","message":" Message sent to queue \"OtpQueue\", {\"email\":\"shinithp78@gmail.com\"}","service":"api-gateway","timestamp":"2025-03-02T07:54:51.849Z"}
{"level":"info","message":"Received POST request to http://localhost:3001/auth/register","service":"api-gateway","timestamp":"2025-03-02T07:55:32.456Z"}
{"level":"debug","message":"Request body: {\n  \"email\": \"shinithp78@gmail.com\",\n  \"password\": \"Shinith@1632\",\n  \"userName\": \"shinith\",\n  \"confirmPassword\": \"Shinith@1632\"\n}","service":"api-gateway","timestamp":"2025-03-02T07:55:32.458Z"}
{"level":"info","message":"Received registration request with data: {\"email\":\"shinithp78@gmail.com\",\"password\":\"Shinith@1632\",\"userName\":\"shinith\",\"confirmPassword\":\"Shinith@1632\"}","service":"api-gateway","timestamp":"2025-03-02T07:55:32.461Z"}
{"level":"info","message":" Message sent to queue \"OtpQueue\", {\"email\":\"shinithp78@gmail.com\"}","service":"api-gateway","timestamp":"2025-03-02T07:55:32.475Z"}
{"level":"info","message":"Received POST request to http://localhost:3001/auth/verify-otp","service":"api-gateway","timestamp":"2025-03-02T07:57:24.154Z"}
{"level":"debug","message":"Request body: {\n  \"otp\": \"613466\",\n  \"email\": \"shinithp78@gmail.com\"\n}","service":"api-gateway","timestamp":"2025-03-02T07:57:24.156Z"}
{"level":"info","message":"Received otp verify request with data: \"shinithp78@gmail.com\"","service":"api-gateway","timestamp":"2025-03-02T07:57:24.159Z"}
{"level":"warn","message":"Reached verifyOTP 3c249a4b9a26bc763b6cb705ae4f30bc039f0dc4222b453e9ff1b1a92f6cd089 hi , 488ee2dcbc61b4dd13aae9ee69fc6f04e603d766f8abe64b84c0fb5ab24d2f83","service":"api-gateway","timestamp":"2025-03-02T07:57:24.164Z"}
{"level":"error","message":"Error: Invalid or expired OTP.\n    at Function.<anonymous> (C:\\Users\\user\\Desktop\\LearnEasy-Platform\\backend\\services\\auth-service\\src\\services\\authServices.ts:50:32)\n    at Generator.next (<anonymous>)\n    at fulfilled (C:\\Users\\user\\Desktop\\LearnEasy-Platform\\backend\\services\\auth-service\\src\\services\\authServices.ts:5:58)\n    at processTicksAndRejections (node:internal/process/task_queues:95:5)","service":"api-gateway","timestamp":"2025-03-02T07:57:24.176Z"}
{"level":"info","message":"Received POST request to http://localhost:3001/auth/verify-otp","service":"api-gateway","timestamp":"2025-03-02T07:57:29.516Z"}
{"level":"debug","message":"Request body: {\n  \"otp\": \"613466\",\n  \"email\": \"shinithp78@gmail.com\"\n}","service":"api-gateway","timestamp":"2025-03-02T07:57:29.518Z"}
{"level":"info","message":"Received otp verify request with data: \"shinithp78@gmail.com\"","service":"api-gateway","timestamp":"2025-03-02T07:57:29.520Z"}
{"level":"warn","message":"Reached verifyOTP 3c249a4b9a26bc763b6cb705ae4f30bc039f0dc4222b453e9ff1b1a92f6cd089 hi , 488ee2dcbc61b4dd13aae9ee69fc6f04e603d766f8abe64b84c0fb5ab24d2f83","service":"api-gateway","timestamp":"2025-03-02T07:57:29.523Z"}
{"level":"error","message":"Error: Invalid or expired OTP.\n    at Function.<anonymous> (C:\\Users\\user\\Desktop\\LearnEasy-Platform\\backend\\services\\auth-service\\src\\services\\authServices.ts:50:32)\n    at Generator.next (<anonymous>)\n    at fulfilled (C:\\Users\\user\\Desktop\\LearnEasy-Platform\\backend\\services\\auth-service\\src\\services\\authServices.ts:5:58)\n    at processTicksAndRejections (node:internal/process/task_queues:95:5)","service":"api-gateway","timestamp":"2025-03-02T07:57:29.525Z"}
{"level":"info","message":"Received POST request to http://localhost:3001/auth/verify-otp","service":"api-gateway","timestamp":"2025-03-02T07:57:30.520Z"}
{"level":"debug","message":"Request body: {\n  \"otp\": \"613466\",\n  \"email\": \"shinithp78@gmail.com\"\n}","service":"api-gateway","timestamp":"2025-03-02T07:57:30.521Z"}
{"level":"info","message":"Received otp verify request with data: \"shinithp78@gmail.com\"","service":"api-gateway","timestamp":"2025-03-02T07:57:30.522Z"}
{"level":"warn","message":"Reached verifyOTP 3c249a4b9a26bc763b6cb705ae4f30bc039f0dc4222b453e9ff1b1a92f6cd089 hi , 488ee2dcbc61b4dd13aae9ee69fc6f04e603d766f8abe64b84c0fb5ab24d2f83","service":"api-gateway","timestamp":"2025-03-02T07:57:30.525Z"}
{"level":"error","message":"Error: Invalid or expired OTP.\n    at Function.<anonymous> (C:\\Users\\user\\Desktop\\LearnEasy-Platform\\backend\\services\\auth-service\\src\\services\\authServices.ts:50:32)\n    at Generator.next (<anonymous>)\n    at fulfilled (C:\\Users\\user\\Desktop\\LearnEasy-Platform\\backend\\services\\auth-service\\src\\services\\authServices.ts:5:58)\n    at processTicksAndRejections (node:internal/process/task_queues:95:5)","service":"api-gateway","timestamp":"2025-03-02T07:57:30.527Z"}
{"level":"info","message":"User Service running on port 3001","service":"api-gateway","timestamp":"2025-03-02T08:04:53.238Z"}
{"level":"info","message":"MongoDB Connected Successfull: localhost","service":"api-gateway","timestamp":"2025-03-02T08:04:53.318Z"}
{"level":"info","message":"RabbitMQ connected successfully","service":"api-gateway","timestamp":"2025-03-02T08:04:53.390Z"}
{"level":"info","message":" Queue \"AuthQueue\" is ready","service":"api-gateway","timestamp":"2025-03-02T08:04:53.396Z"}
{"level":"info","message":"Received POST request to http://localhost:3001/auth/register","service":"api-gateway","timestamp":"2025-03-02T08:05:06.029Z"}
{"level":"debug","message":"Request body: {\n  \"email\": \"shinithp78@gmail.com\",\n  \"password\": \"Shinith@1632\",\n  \"userName\": \"shinith\",\n  \"confirmPassword\": \"Shinith@1632\"\n}","service":"api-gateway","timestamp":"2025-03-02T08:05:06.030Z"}
{"level":"info","message":"Received registration request with data: {\"email\":\"shinithp78@gmail.com\",\"password\":\"Shinith@1632\",\"userName\":\"shinith\",\"confirmPassword\":\"Shinith@1632\"}","service":"api-gateway","timestamp":"2025-03-02T08:05:06.034Z"}
{"level":"info","message":" Message sent to queue \"OtpQueue\", {\"email\":\"shinithp78@gmail.com\"}","service":"api-gateway","timestamp":"2025-03-02T08:05:06.136Z"}
{"level":"info","message":"Received POST request to http://localhost:3001/auth/verify-otp","service":"api-gateway","timestamp":"2025-03-02T08:05:31.717Z"}
{"level":"debug","message":"Request body: {\n  \"otp\": \"780801\",\n  \"email\": \"shinithp78@gmail.com\"\n}","service":"api-gateway","timestamp":"2025-03-02T08:05:31.719Z"}
{"level":"info","message":"Received otp verify request with data: \"shinithp78@gmail.com\"","service":"api-gateway","timestamp":"2025-03-02T08:05:31.734Z"}
{"level":"info","message":"User Service running on port 3001","service":"api-gateway","timestamp":"2025-03-06T05:23:02.682Z"}
{"level":"info","message":"MongoDB Connected Successfull: localhost","service":"api-gateway","timestamp":"2025-03-06T05:23:02.741Z"}
{"level":"info","message":"RabbitMQ connected successfully","service":"api-gateway","timestamp":"2025-03-06T05:23:02.832Z"}
{"level":"info","message":" Queue \"AuthQueue\" is ready","service":"api-gateway","timestamp":"2025-03-06T05:23:02.854Z"}
{"level":"info","message":"Received POST request to http://localhost:3001/auth/register","service":"api-gateway","timestamp":"2025-03-06T05:23:06.802Z"}
{"level":"debug","message":"Request body: {\n  \"email\": \"shinithp78@gmail.com\",\n  \"password\": \"Shinith@1632\",\n  \"userName\": \"shinith\",\n  \"confirmPassword\": \"Shinith@1632\"\n}","service":"api-gateway","timestamp":"2025-03-06T05:23:06.804Z"}
{"level":"info","message":"Received registration request with data: {\"email\":\"shinithp78@gmail.com\",\"password\":\"Shinith@1632\",\"userName\":\"shinith\",\"confirmPassword\":\"Shinith@1632\"}","service":"api-gateway","timestamp":"2025-03-06T05:23:06.807Z"}
{"level":"info","message":" Message sent to queue \"OtpQueue\", {\"email\":\"shinithp78@gmail.com\"}","service":"api-gateway","timestamp":"2025-03-06T05:23:06.919Z"}
{"level":"info","message":"Received POST request to http://localhost:3001/auth/verify-otp","service":"api-gateway","timestamp":"2025-03-06T05:23:33.697Z"}
{"level":"debug","message":"Request body: {\n  \"otp\": \"145634\",\n  \"email\": \"shinithp78@gmail.com\"\n}","service":"api-gateway","timestamp":"2025-03-06T05:23:33.700Z"}
{"level":"info","message":"Received otp verify request with data: \"shinithp78@gmail.com\"","service":"api-gateway","timestamp":"2025-03-06T05:23:33.703Z"}
{"level":"info","message":"User Service running on port 3001","service":"api-gateway","timestamp":"2025-03-06T05:31:22.829Z"}
{"level":"info","message":"MongoDB Connected Successfull: localhost","service":"api-gateway","timestamp":"2025-03-06T05:31:22.880Z"}
{"level":"info","message":"RabbitMQ connected successfully","service":"api-gateway","timestamp":"2025-03-06T05:31:22.965Z"}
{"level":"info","message":" Queue \"AuthQueue\" is ready","service":"api-gateway","timestamp":"2025-03-06T05:31:22.970Z"}
{"level":"info","message":"User Service running on port 3001","service":"api-gateway","timestamp":"2025-03-06T05:31:56.961Z"}
{"level":"info","message":"MongoDB Connected Successfull: localhost","service":"api-gateway","timestamp":"2025-03-06T05:31:57.013Z"}
{"level":"info","message":"RabbitMQ connected successfully","service":"api-gateway","timestamp":"2025-03-06T05:31:57.103Z"}
{"level":"info","message":" Queue \"AuthQueue\" is ready","service":"api-gateway","timestamp":"2025-03-06T05:31:57.109Z"}
{"level":"info","message":"User Service running on port 3001","service":"api-gateway","timestamp":"2025-03-06T05:34:46.360Z"}
{"level":"info","message":"MongoDB Connected Successfull: localhost","service":"api-gateway","timestamp":"2025-03-06T05:34:46.408Z"}
{"level":"info","message":"RabbitMQ connected successfully","service":"api-gateway","timestamp":"2025-03-06T05:34:46.494Z"}
{"level":"info","message":" Queue \"AuthQueue\" is ready","service":"api-gateway","timestamp":"2025-03-06T05:34:46.500Z"}
{"level":"info","message":"User Service running on port 3001","service":"api-gateway","timestamp":"2025-03-06T05:35:38.510Z"}
{"level":"info","message":"MongoDB Connected Successfull: localhost","service":"api-gateway","timestamp":"2025-03-06T05:35:38.567Z"}
{"level":"info","message":"RabbitMQ connected successfully","service":"api-gateway","timestamp":"2025-03-06T05:35:38.659Z"}
{"level":"info","message":" Queue \"AuthQueue\" is ready","service":"api-gateway","timestamp":"2025-03-06T05:35:38.665Z"}
{"level":"info","message":"Received POST request to http://localhost:3001/auth/register","service":"api-gateway","timestamp":"2025-03-06T05:36:52.345Z"}
{"level":"debug","message":"Request body: {\n  \"email\": \"shinithp78@gmail.com\",\n  \"password\": \"Shinith@1632\",\n  \"userName\": \"shinith\",\n  \"confirmPassword\": \"Shinith@1632\"\n}","service":"api-gateway","timestamp":"2025-03-06T05:36:52.348Z"}
{"level":"info","message":"Received registration request with data: {\"email\":\"shinithp78@gmail.com\",\"password\":\"Shinith@1632\",\"userName\":\"shinith\",\"confirmPassword\":\"Shinith@1632\"}","service":"api-gateway","timestamp":"2025-03-06T05:36:52.351Z"}
{"level":"info","message":" Message sent to queue \"OtpQueue\", {\"email\":\"shinithp78@gmail.com\"}","service":"api-gateway","timestamp":"2025-03-06T05:36:52.486Z"}
{"level":"info","message":"Received POST request to http://localhost:3001/auth/verify-otp","service":"api-gateway","timestamp":"2025-03-06T05:37:10.172Z"}
{"level":"debug","message":"Request body: {\n  \"otp\": \"485217\",\n  \"email\": \"shinithp78@gmail.com\"\n}","service":"api-gateway","timestamp":"2025-03-06T05:37:10.173Z"}
{"level":"info","message":"Received otp verify request with data: \"shinithp78@gmail.com\"","service":"api-gateway","timestamp":"2025-03-06T05:37:10.177Z"}
{"level":"info","message":"User registered successfully: 67c93486885bc702c3f20b2c","service":"api-gateway","timestamp":"2025-03-06T05:37:10.403Z"}
{"level":"info","message":"Tokens generated successfully for user: {\n  userName: 'shinith',\n  email: 'shinithp78@gmail.com',\n  password: '$argon2id$v=19$m=65536,t=3,p=4$n/omjR5Z1Z8fVRElTAIJfQ$vOpKG51p/objausmiMpibxVm57VEvkXJgTdfW4L7Nqs',\n  _id: new ObjectId('67c93486885bc702c3f20b2c'),\n  createdAt: 2025-03-06T05:37:10.244Z,\n  updatedAt: 2025-03-06T05:37:10.244Z,\n  __v: 0\n}","service":"api-gateway","timestamp":"2025-03-06T05:37:10.416Z"}
{"level":"info","message":"Stored refresh token in Redis for user: 67c93486885bc702c3f20b2c","service":"api-gateway","timestamp":"2025-03-06T05:37:10.420Z"}
{"level":"info","message":"User Service running on port 3001","service":"api-gateway","timestamp":"2025-03-06T05:55:09.391Z"}
{"level":"info","message":"MongoDB Connected Successfull: localhost","service":"api-gateway","timestamp":"2025-03-06T05:55:09.443Z"}
{"level":"info","message":"RabbitMQ connected successfully","service":"api-gateway","timestamp":"2025-03-06T05:55:09.508Z"}
{"level":"info","message":" Queue \"AuthQueue\" is ready","service":"api-gateway","timestamp":"2025-03-06T05:55:09.514Z"}
{"level":"info","message":"Received POST request to http://localhost:3001/auth/register","service":"api-gateway","timestamp":"2025-03-06T05:59:04.405Z"}
{"level":"debug","message":"Request body: {\n  \"email\": \"shinithp78@gmail.com\",\n  \"password\": \"Shinith@1632\",\n  \"userName\": \"shinith\",\n  \"confirmPassword\": \"Shinith@1632\"\n}","service":"api-gateway","timestamp":"2025-03-06T05:59:04.406Z"}
{"level":"info","message":"Received registration request with data: {\"email\":\"shinithp78@gmail.com\",\"password\":\"Shinith@1632\",\"userName\":\"shinith\",\"confirmPassword\":\"Shinith@1632\"}","service":"api-gateway","timestamp":"2025-03-06T05:59:04.408Z"}
{"level":"info","message":" Message sent to queue \"OtpQueue\", {\"email\":\"shinithp78@gmail.com\"}","service":"api-gateway","timestamp":"2025-03-06T05:59:04.465Z"}
{"level":"info","message":"Received POST request to http://localhost:3001/auth/verify-otp","service":"api-gateway","timestamp":"2025-03-06T05:59:23.133Z"}
{"level":"debug","message":"Request body: {\n  \"otp\": \"820468\",\n  \"email\": \"shinithp78@gmail.com\"\n}","service":"api-gateway","timestamp":"2025-03-06T05:59:23.134Z"}
{"level":"info","message":"Received otp verify request with data: \"shinithp78@gmail.com\"","service":"api-gateway","timestamp":"2025-03-06T05:59:23.135Z"}
{"level":"info","message":"User registered successfully: 67c939bb4f7d85343195c7f4","service":"api-gateway","timestamp":"2025-03-06T05:59:23.236Z"}
{"level":"info","message":"Tokens generated successfully for user: {\n  userName: 'shinith',\n  email: 'shinithp78@gmail.com',\n  password: '$argon2id$v=19$m=65536,t=3,p=4$oywYJIndXqiWpLmUNBEZVg$ai8OhKQLsNsyGwC8PyNErJGTARLSEtFUqzBlgDVHkko',\n  _id: new ObjectId('67c939bb4f7d85343195c7f4'),\n  createdAt: 2025-03-06T05:59:23.147Z,\n  updatedAt: 2025-03-06T05:59:23.147Z,\n  __v: 0\n}","service":"api-gateway","timestamp":"2025-03-06T05:59:23.246Z"}
{"level":"info","message":"Stored refresh token in Redis for user: 67c939bb4f7d85343195c7f4","service":"api-gateway","timestamp":"2025-03-06T05:59:23.249Z"}
{"level":"info","message":"Received POST request to http://localhost:3001/auth/register","service":"api-gateway","timestamp":"2025-03-06T06:06:05.545Z"}
{"level":"debug","message":"Request body: {\n  \"email\": \"shinithp78@gmail.com\",\n  \"password\": \"Shinith@1632\",\n  \"userName\": \"shinith\",\n  \"confirmPassword\": \"Shinith@1632\"\n}","service":"api-gateway","timestamp":"2025-03-06T06:06:05.546Z"}
{"level":"info","message":"Received registration request with data: {\"email\":\"shinithp78@gmail.com\",\"password\":\"Shinith@1632\",\"userName\":\"shinith\",\"confirmPassword\":\"Shinith@1632\"}","service":"api-gateway","timestamp":"2025-03-06T06:06:05.547Z"}
{"level":"error","message":"Error: Email is already registered\n    at C:\\Users\\user\\Desktop\\LearnEasy-Platform\\backend\\services\\auth-service\\src\\utils\\validation.ts:14:15\n    at Generator.next (<anonymous>)\n    at fulfilled (C:\\Users\\user\\Desktop\\LearnEasy-Platform\\backend\\services\\auth-service\\src\\utils\\validation.ts:5:58)\n    at processTicksAndRejections (node:internal/process/task_queues:95:5)","service":"api-gateway","timestamp":"2025-03-06T06:06:05.556Z"}
{"level":"info","message":"Received POST request to http://localhost:3001/auth/register","service":"api-gateway","timestamp":"2025-03-06T06:06:22.524Z"}
{"level":"debug","message":"Request body: {\n  \"email\": \"shinithp78@gmail.com\",\n  \"password\": \"Shinith@1632\",\n  \"userName\": \"shinith\",\n  \"confirmPassword\": \"Shinith@1632\"\n}","service":"api-gateway","timestamp":"2025-03-06T06:06:22.525Z"}
{"level":"info","message":"Received registration request with data: {\"email\":\"shinithp78@gmail.com\",\"password\":\"Shinith@1632\",\"userName\":\"shinith\",\"confirmPassword\":\"Shinith@1632\"}","service":"api-gateway","timestamp":"2025-03-06T06:06:22.526Z"}
{"level":"info","message":" Message sent to queue \"OtpQueue\", {\"email\":\"shinithp78@gmail.com\"}","service":"api-gateway","timestamp":"2025-03-06T06:06:22.537Z"}
{"level":"info","message":"Received POST request to http://localhost:3001/auth/verify-otp","service":"api-gateway","timestamp":"2025-03-06T06:06:41.045Z"}
{"level":"debug","message":"Request body: {\n  \"otp\": \"952211\",\n  \"email\": \"shinithp78@gmail.com\"\n}","service":"api-gateway","timestamp":"2025-03-06T06:06:41.046Z"}
{"level":"info","message":"Received otp verify request with data: \"shinithp78@gmail.com\"","service":"api-gateway","timestamp":"2025-03-06T06:06:41.047Z"}
{"level":"info","message":"User registered successfully: 67c93b714f7d85343195c7ff","service":"api-gateway","timestamp":"2025-03-06T06:06:41.143Z"}
{"level":"info","message":"Tokens generated successfully for user: {\n  userName: 'shinith',\n  email: 'shinithp78@gmail.com',\n  password: '$argon2id$v=19$m=65536,t=3,p=4$8Y72QkIe+i0fbldzJWDBRQ$5TjTXINwA/usJ17x1ktOArTiVBtqUCGLdbrzssg9c3A',\n  _id: new ObjectId('67c93b714f7d85343195c7ff'),\n  createdAt: 2025-03-06T06:06:41.055Z,\n  updatedAt: 2025-03-06T06:06:41.055Z,\n  __v: 0\n}","service":"api-gateway","timestamp":"2025-03-06T06:06:41.148Z"}
{"level":"info","message":"Stored refresh token in Redis for user: 67c93b714f7d85343195c7ff","service":"api-gateway","timestamp":"2025-03-06T06:06:41.151Z"}
{"level":"info","message":"Received POST request to http://localhost:3001/auth/register","service":"api-gateway","timestamp":"2025-03-06T06:07:52.296Z"}
{"level":"debug","message":"Request body: {\n  \"email\": \"shinithp78@gmail.com\",\n  \"password\": \"Shinith@1632\",\n  \"userName\": \"shinith\",\n  \"confirmPassword\": \"Shinith@1632\"\n}","service":"api-gateway","timestamp":"2025-03-06T06:07:52.297Z"}
{"level":"info","message":"Received registration request with data: {\"email\":\"shinithp78@gmail.com\",\"password\":\"Shinith@1632\",\"userName\":\"shinith\",\"confirmPassword\":\"Shinith@1632\"}","service":"api-gateway","timestamp":"2025-03-06T06:07:52.298Z"}
{"level":"info","message":" Message sent to queue \"OtpQueue\", {\"email\":\"shinithp78@gmail.com\"}","service":"api-gateway","timestamp":"2025-03-06T06:07:52.308Z"}
{"level":"info","message":"Received POST request to http://localhost:3001/auth/verify-otp","service":"api-gateway","timestamp":"2025-03-06T06:08:06.698Z"}
{"level":"debug","message":"Request body: {\n  \"otp\": \"881585\",\n  \"email\": \"shinithp78@gmail.com\"\n}","service":"api-gateway","timestamp":"2025-03-06T06:08:06.699Z"}
{"level":"info","message":"Received otp verify request with data: \"shinithp78@gmail.com\"","service":"api-gateway","timestamp":"2025-03-06T06:08:06.701Z"}
{"level":"info","message":"User registered successfully: 67c93bc64f7d85343195c809","service":"api-gateway","timestamp":"2025-03-06T06:08:06.798Z"}
{"level":"info","message":"Tokens generated successfully for user: {\n  userName: 'shinith',\n  email: 'shinithp78@gmail.com',\n  password: '$argon2id$v=19$m=65536,t=3,p=4$aPCHF4hjbF0b7ue+t8jpSg$lm+Xjp9iWNlZ3bRg7TpoxF1t8xgzJgElGIED/K+VzFQ',\n  _id: new ObjectId('67c93bc64f7d85343195c809'),\n  createdAt: 2025-03-06T06:08:06.710Z,\n  updatedAt: 2025-03-06T06:08:06.710Z,\n  __v: 0\n}","service":"api-gateway","timestamp":"2025-03-06T06:08:06.802Z"}
{"level":"info","message":"Stored refresh token in Redis for user: 67c93bc64f7d85343195c809","service":"api-gateway","timestamp":"2025-03-06T06:08:06.805Z"}
{"level":"info","message":"User Service running on port 3001","service":"api-gateway","timestamp":"2025-03-06T06:09:37.284Z"}
{"level":"info","message":"MongoDB Connected Successfull: localhost","service":"api-gateway","timestamp":"2025-03-06T06:09:37.315Z"}
{"level":"info","message":"RabbitMQ connected successfully","service":"api-gateway","timestamp":"2025-03-06T06:09:37.381Z"}
{"level":"info","message":" Queue \"AuthQueue\" is ready","service":"api-gateway","timestamp":"2025-03-06T06:09:37.385Z"}
{"level":"info","message":"Received POST request to http://localhost:3001/auth/register","service":"api-gateway","timestamp":"2025-03-06T06:10:35.317Z"}
{"level":"debug","message":"Request body: {\n  \"email\": \"shinithp78@gmail.com\",\n  \"password\": \"Shinith@1632\",\n  \"userName\": \"shinith\",\n  \"confirmPassword\": \"Shinith@1632\"\n}","service":"api-gateway","timestamp":"2025-03-06T06:10:35.318Z"}
{"level":"info","message":"Received registration request with data: {\"email\":\"shinithp78@gmail.com\",\"password\":\"Shinith@1632\",\"userName\":\"shinith\",\"confirmPassword\":\"Shinith@1632\"}","service":"api-gateway","timestamp":"2025-03-06T06:10:35.320Z"}
{"level":"info","message":" Message sent to queue \"OtpQueue\", {\"email\":\"shinithp78@gmail.com\"}","service":"api-gateway","timestamp":"2025-03-06T06:10:35.379Z"}
{"level":"info","message":"Received POST request to http://localhost:3001/auth/verify-otp","service":"api-gateway","timestamp":"2025-03-06T06:10:50.486Z"}
{"level":"debug","message":"Request body: {\n  \"otp\": \"358668\",\n  \"email\": \"shinithp78@gmail.com\"\n}","service":"api-gateway","timestamp":"2025-03-06T06:10:50.487Z"}
{"level":"info","message":"Received otp verify request with data: \"shinithp78@gmail.com\"","service":"api-gateway","timestamp":"2025-03-06T06:10:50.489Z"}
{"level":"error","message":"Error: Invalid or expired OTP.\n    at Function.<anonymous> (C:\\Users\\user\\Desktop\\LearnEasy-Platform\\backend\\services\\auth-service\\src\\services\\authServices.ts:50:32)\n    at Generator.next (<anonymous>)\n    at fulfilled (C:\\Users\\user\\Desktop\\LearnEasy-Platform\\backend\\services\\auth-service\\src\\services\\authServices.ts:5:58)\n    at processTicksAndRejections (node:internal/process/task_queues:95:5)","service":"api-gateway","timestamp":"2025-03-06T06:10:50.499Z"}
{"level":"info","message":"Received POST request to http://localhost:3001/auth/verify-otp","service":"api-gateway","timestamp":"2025-03-06T06:10:58.947Z"}
{"level":"debug","message":"Request body: {\n  \"otp\": \"899256\",\n  \"email\": \"shinithp78@gmail.com\"\n}","service":"api-gateway","timestamp":"2025-03-06T06:10:58.949Z"}
{"level":"info","message":"Received otp verify request with data: \"shinithp78@gmail.com\"","service":"api-gateway","timestamp":"2025-03-06T06:10:58.951Z"}
{"level":"error","message":"Error: Invalid or expired OTP.\n    at Function.<anonymous> (C:\\Users\\user\\Desktop\\LearnEasy-Platform\\backend\\services\\auth-service\\src\\services\\authServices.ts:50:32)\n    at Generator.next (<anonymous>)\n    at fulfilled (C:\\Users\\user\\Desktop\\LearnEasy-Platform\\backend\\services\\auth-service\\src\\services\\authServices.ts:5:58)\n    at processTicksAndRejections (node:internal/process/task_queues:95:5)","service":"api-gateway","timestamp":"2025-03-06T06:10:58.966Z"}
{"level":"info","message":"Received POST request to http://localhost:3001/auth/verify-otp","service":"api-gateway","timestamp":"2025-03-06T06:11:08.556Z"}
{"level":"debug","message":"Request body: {\n  \"otp\": \"393184\",\n  \"email\": \"shinithp78@gmail.com\"\n}","service":"api-gateway","timestamp":"2025-03-06T06:11:08.557Z"}
{"level":"info","message":"Received otp verify request with data: \"shinithp78@gmail.com\"","service":"api-gateway","timestamp":"2025-03-06T06:11:08.558Z"}
{"level":"info","message":"User registered successfully: 67c93c7c64b49dabba5cd407","service":"api-gateway","timestamp":"2025-03-06T06:11:08.663Z"}
{"level":"info","message":"Tokens generated successfully for user: {\n  userName: 'shinith',\n  email: 'shinithp78@gmail.com',\n  password: '$argon2id$v=19$m=65536,t=3,p=4$gjLHzzJ3BO7bNtpUkmCjbQ$3ZjgWPVXoMSvshPlk4sxYHLgLcxrXUgff7DBmaKtMbg',\n  _id: new ObjectId('67c93c7c64b49dabba5cd407'),\n  createdAt: 2025-03-06T06:11:08.568Z,\n  updatedAt: 2025-03-06T06:11:08.568Z,\n  __v: 0\n}","service":"api-gateway","timestamp":"2025-03-06T06:11:08.673Z"}
{"level":"info","message":"Stored refresh token in Redis for user: 67c93c7c64b49dabba5cd407","service":"api-gateway","timestamp":"2025-03-06T06:11:08.676Z"}
{"level":"info","message":"User Service running on port 3001","service":"api-gateway","timestamp":"2025-03-06T06:12:46.207Z"}
{"level":"info","message":"MongoDB Connected Successfull: localhost","service":"api-gateway","timestamp":"2025-03-06T06:12:46.243Z"}
{"level":"info","message":"RabbitMQ connected successfully","service":"api-gateway","timestamp":"2025-03-06T06:12:46.316Z"}
{"level":"info","message":" Queue \"AuthQueue\" is ready","service":"api-gateway","timestamp":"2025-03-06T06:12:46.320Z"}
{"level":"info","message":"User Service running on port 3001","service":"api-gateway","timestamp":"2025-03-06T06:13:01.333Z"}
{"level":"info","message":"MongoDB Connected Successfull: localhost","service":"api-gateway","timestamp":"2025-03-06T06:13:01.375Z"}
{"level":"info","message":"RabbitMQ connected successfully","service":"api-gateway","timestamp":"2025-03-06T06:13:01.437Z"}
{"level":"info","message":" Queue \"AuthQueue\" is ready","service":"api-gateway","timestamp":"2025-03-06T06:13:01.441Z"}
{"level":"info","message":"User Service running on port 3001","service":"api-gateway","timestamp":"2025-03-06T06:14:00.826Z"}
{"level":"info","message":"MongoDB Connected Successfull: localhost","service":"api-gateway","timestamp":"2025-03-06T06:14:00.861Z"}
{"level":"info","message":"RabbitMQ connected successfully","service":"api-gateway","timestamp":"2025-03-06T06:14:00.930Z"}
{"level":"info","message":" Queue \"AuthQueue\" is ready","service":"api-gateway","timestamp":"2025-03-06T06:14:00.934Z"}
{"level":"info","message":"Received POST request to http://localhost:3001/auth/login","service":"api-gateway","timestamp":"2025-03-06T06:20:52.093Z"}
{"level":"debug","message":"Request body: {\n  \"email\": \"shinithp78@gmail.com\",\n  \"password\": \"Shinith@1632\"\n}","service":"api-gateway","timestamp":"2025-03-06T06:20:52.094Z"}
{"level":"info","message":"Received login request with data: \"shinithp78@gmail.com\"","service":"api-gateway","timestamp":"2025-03-06T06:20:52.097Z"}
{"level":"warn","message":"Login failed - Incorrect password for user: shinithp78@gmail.com","service":"api-gateway","timestamp":"2025-03-06T06:20:52.205Z"}
{"level":"error","message":"Login failed for email: shinithp78@gmail.com, Error: Incorrect password.","service":"api-gateway","timestamp":"2025-03-06T06:20:52.206Z"}
{"level":"error","message":"Error: Incorrect password.\n    at Function.<anonymous> (C:\\Users\\user\\Desktop\\LearnEasy-Platform\\backend\\services\\auth-service\\src\\services\\authServices.ts:99:19)\n    at Generator.next (<anonymous>)\n    at fulfilled (C:\\Users\\user\\Desktop\\LearnEasy-Platform\\backend\\services\\auth-service\\src\\services\\authServices.ts:5:58)","service":"api-gateway","timestamp":"2025-03-06T06:20:52.212Z"}
{"level":"info","message":"Received POST request to http://localhost:3001/auth/login","service":"api-gateway","timestamp":"2025-03-06T06:20:54.231Z"}
{"level":"debug","message":"Request body: {\n  \"email\": \"shinithp78@gmail.com\",\n  \"password\": \"Shinith@1632\"\n}","service":"api-gateway","timestamp":"2025-03-06T06:20:54.232Z"}
{"level":"info","message":"Received login request with data: \"shinithp78@gmail.com\"","service":"api-gateway","timestamp":"2025-03-06T06:20:54.234Z"}
{"level":"warn","message":"Login failed - Incorrect password for user: shinithp78@gmail.com","service":"api-gateway","timestamp":"2025-03-06T06:20:54.322Z"}
{"level":"error","message":"Login failed for email: shinithp78@gmail.com, Error: Incorrect password.","service":"api-gateway","timestamp":"2025-03-06T06:20:54.322Z"}
{"level":"error","message":"Error: Incorrect password.\n    at Function.<anonymous> (C:\\Users\\user\\Desktop\\LearnEasy-Platform\\backend\\services\\auth-service\\src\\services\\authServices.ts:99:19)\n    at Generator.next (<anonymous>)\n    at fulfilled (C:\\Users\\user\\Desktop\\LearnEasy-Platform\\backend\\services\\auth-service\\src\\services\\authServices.ts:5:58)","service":"api-gateway","timestamp":"2025-03-06T06:20:54.324Z"}
{"level":"info","message":"User Service running on port 3001","service":"api-gateway","timestamp":"2025-03-06T06:23:25.656Z"}
{"level":"info","message":"MongoDB Connected Successfull: localhost","service":"api-gateway","timestamp":"2025-03-06T06:23:25.708Z"}
{"level":"info","message":"RabbitMQ connected successfully","service":"api-gateway","timestamp":"2025-03-06T06:23:25.769Z"}
{"level":"info","message":" Queue \"AuthQueue\" is ready","service":"api-gateway","timestamp":"2025-03-06T06:23:25.773Z"}
{"level":"info","message":"User Service running on port 3001","service":"api-gateway","timestamp":"2025-03-06T06:23:48.838Z"}
{"level":"info","message":"MongoDB Connected Successfull: localhost","service":"api-gateway","timestamp":"2025-03-06T06:23:48.882Z"}
{"level":"info","message":"RabbitMQ connected successfully","service":"api-gateway","timestamp":"2025-03-06T06:23:48.947Z"}
{"level":"info","message":" Queue \"AuthQueue\" is ready","service":"api-gateway","timestamp":"2025-03-06T06:23:48.953Z"}
{"level":"info","message":"User Service running on port 3001","service":"api-gateway","timestamp":"2025-03-06T06:24:21.371Z"}
{"level":"info","message":"MongoDB Connected Successfull: localhost","service":"api-gateway","timestamp":"2025-03-06T06:24:21.413Z"}
{"level":"info","message":"RabbitMQ connected successfully","service":"api-gateway","timestamp":"2025-03-06T06:24:21.474Z"}
{"level":"info","message":" Queue \"AuthQueue\" is ready","service":"api-gateway","timestamp":"2025-03-06T06:24:21.479Z"}
{"level":"info","message":"Received POST request to http://localhost:3001/auth/register","service":"api-gateway","timestamp":"2025-03-06T06:25:23.227Z"}
{"level":"debug","message":"Request body: {\n  \"email\": \"shinithp78@gmail.com\",\n  \"password\": \"Shinith@1632\",\n  \"userName\": \"shinith\",\n  \"confirmPassword\": \"Shinith@1632\"\n}","service":"api-gateway","timestamp":"2025-03-06T06:25:23.228Z"}
{"level":"info","message":"Received registration request with data: {\"email\":\"shinithp78@gmail.com\",\"password\":\"Shinith@1632\",\"userName\":\"shinith\",\"confirmPassword\":\"Shinith@1632\"}","service":"api-gateway","timestamp":"2025-03-06T06:25:23.231Z"}
{"level":"info","message":" Message sent to queue \"OtpQueue\", {\"email\":\"shinithp78@gmail.com\"}","service":"api-gateway","timestamp":"2025-03-06T06:25:23.285Z"}
{"level":"info","message":"Received POST request to http://localhost:3001/auth/verify-otp","service":"api-gateway","timestamp":"2025-03-06T06:25:40.905Z"}
{"level":"debug","message":"Request body: {\n  \"otp\": \"645909\",\n  \"email\": \"shinithp78@gmail.com\"\n}","service":"api-gateway","timestamp":"2025-03-06T06:25:40.905Z"}
{"level":"info","message":"Received otp verify request with data: \"shinithp78@gmail.com\"","service":"api-gateway","timestamp":"2025-03-06T06:25:40.907Z"}
{"level":"info","message":"User registered successfully: 67c93fe44181bd8389275bb2","service":"api-gateway","timestamp":"2025-03-06T06:25:40.923Z"}
{"level":"info","message":"Tokens generated successfully for user: {\n  userName: 'shinith',\n  email: 'shinithp78@gmail.com',\n  password: '$argon2id$v=19$m=65536,t=3,p=4$Ak5EVJQxxC7D51XcE52Cuw$Hm12h0bn1s/O+qS3DgjlouLPlApwGv54KjhYHbLWyQo',\n  _id: new ObjectId('67c93fe44181bd8389275bb2'),\n  createdAt: 2025-03-06T06:25:40.919Z,\n  updatedAt: 2025-03-06T06:25:40.919Z,\n  __v: 0\n}","service":"api-gateway","timestamp":"2025-03-06T06:25:40.932Z"}
{"level":"info","message":"Stored refresh token in Redis for user: 67c93fe44181bd8389275bb2","service":"api-gateway","timestamp":"2025-03-06T06:25:40.935Z"}
{"level":"info","message":"Received POST request to http://localhost:3001/auth/login","service":"api-gateway","timestamp":"2025-03-06T06:26:06.427Z"}
{"level":"debug","message":"Request body: {\n  \"email\": \"shinithp78@gmail.com\",\n  \"password\": \"Shinith@1632\"\n}","service":"api-gateway","timestamp":"2025-03-06T06:26:06.428Z"}
{"level":"info","message":"Received login request with data: \"shinithp78@gmail.com\"","service":"api-gateway","timestamp":"2025-03-06T06:26:06.430Z"}
{"level":"info","message":"Tokens generated successfully for user: {\n  _id: new ObjectId('67c93fe44181bd8389275bb2'),\n  userName: 'shinith',\n  email: 'shinithp78@gmail.com',\n  password: '$argon2id$v=19$m=65536,t=3,p=4$Ak5EVJQxxC7D51XcE52Cuw$Hm12h0bn1s/O+qS3DgjlouLPlApwGv54KjhYHbLWyQo',\n  createdAt: 2025-03-06T06:25:40.919Z,\n  updatedAt: 2025-03-06T06:25:40.919Z,\n  __v: 0\n}","service":"api-gateway","timestamp":"2025-03-06T06:26:06.516Z"}
{"level":"info","message":"Stored refresh token in Redis for user: 67c93fe44181bd8389275bb2","service":"api-gateway","timestamp":"2025-03-06T06:26:06.521Z"}
{"level":"info","message":"User logged in successfully: shinithp78@gmail.com","service":"api-gateway","timestamp":"2025-03-06T06:26:06.527Z"}
{"level":"info","message":"Received POST request to http://localhost:3001/auth/register","service":"api-gateway","timestamp":"2025-03-06T10:19:49.322Z"}
{"level":"debug","message":"Request body: {\n  \"email\": \"shinithp78@gmail.com\",\n  \"password\": \"Shinith@1632\",\n  \"userName\": \"shinith\",\n  \"confirmPassword\": \"Shinith@1632\"\n}","service":"api-gateway","timestamp":"2025-03-06T10:19:49.327Z"}
{"level":"info","message":"Received registration request with data: {\"email\":\"shinithp78@gmail.com\",\"password\":\"Shinith@1632\",\"userName\":\"shinith\",\"confirmPassword\":\"Shinith@1632\"}","service":"api-gateway","timestamp":"2025-03-06T10:19:49.330Z"}
{"level":"info","message":" Message sent to queue \"OtpQueue\", {\"email\":\"shinithp78@gmail.com\"}","service":"api-gateway","timestamp":"2025-03-06T10:19:49.371Z"}
{"level":"info","message":"Received POST request to http://localhost:3001/auth/verify-otp","service":"api-gateway","timestamp":"2025-03-06T10:20:10.815Z"}
{"level":"debug","message":"Request body: {\n  \"otp\": \"517956\",\n  \"email\": \"shinithp78@gmail.com\"\n}","service":"api-gateway","timestamp":"2025-03-06T10:20:10.816Z"}
{"level":"info","message":"Received otp verify request with data: \"shinithp78@gmail.com\"","service":"api-gateway","timestamp":"2025-03-06T10:20:10.818Z"}
{"level":"info","message":"User registered successfully: 67c976da4181bd8389275bbf","service":"api-gateway","timestamp":"2025-03-06T10:20:10.833Z"}
{"level":"info","message":"Tokens generated successfully for user: {\n  userName: 'shinith',\n  email: 'shinithp78@gmail.com',\n  password: '$argon2id$v=19$m=65536,t=3,p=4$mZet165mbsiTpebvYnuCgw$y+uB1a9GLdOvXLrEKhFIJHOrV4Vr0yfn0gos2sC076w',\n  _id: new ObjectId('67c976da4181bd8389275bbf'),\n  createdAt: 2025-03-06T10:20:10.829Z,\n  updatedAt: 2025-03-06T10:20:10.829Z,\n  __v: 0\n}","service":"api-gateway","timestamp":"2025-03-06T10:20:10.839Z"}
{"level":"info","message":"Stored refresh token in Redis for user: 67c976da4181bd8389275bbf","service":"api-gateway","timestamp":"2025-03-06T10:20:10.842Z"}
{"level":"info","message":"Received POST request to http://localhost:3001/auth/register","service":"api-gateway","timestamp":"2025-03-06T10:30:13.638Z"}
{"level":"debug","message":"Request body: {\n  \"email\": \"shinithp78@gmail.com\",\n  \"password\": \"Shinith@1632\",\n  \"userName\": \"shinith\",\n  \"confirmPassword\": \"Shinith@1632\"\n}","service":"api-gateway","timestamp":"2025-03-06T10:30:13.639Z"}
{"level":"info","message":"Received registration request with data: {\"email\":\"shinithp78@gmail.com\",\"password\":\"Shinith@1632\",\"userName\":\"shinith\",\"confirmPassword\":\"Shinith@1632\"}","service":"api-gateway","timestamp":"2025-03-06T10:30:13.640Z"}
{"level":"info","message":" Message sent to queue \"OtpQueue\", {\"email\":\"shinithp78@gmail.com\"}","service":"api-gateway","timestamp":"2025-03-06T10:30:13.649Z"}
{"level":"info","message":"Received POST request to http://localhost:3001/auth/verify-otp","service":"api-gateway","timestamp":"2025-03-06T10:30:41.728Z"}
{"level":"debug","message":"Request body: {\n  \"otp\": \"660523\",\n  \"email\": \"shinithp78@gmail.com\"\n}","service":"api-gateway","timestamp":"2025-03-06T10:30:41.728Z"}
{"level":"info","message":"Received otp verify request with data: \"shinithp78@gmail.com\"","service":"api-gateway","timestamp":"2025-03-06T10:30:41.730Z"}
{"level":"info","message":"User registered successfully: 67c979514181bd8389275bc9","service":"api-gateway","timestamp":"2025-03-06T10:30:41.740Z"}
{"level":"info","message":"Tokens generated successfully for user: {\n  userName: 'shinith',\n  email: 'shinithp78@gmail.com',\n  password: '$argon2id$v=19$m=65536,t=3,p=4$XOv1H/g524JXZMkgLhk19A$K2HpgGC+inPEcGNppUBS3kDYCb7+rPmoHrQw0JP+C5Y',\n  _id: new ObjectId('67c979514181bd8389275bc9'),\n  createdAt: 2025-03-06T10:30:41.737Z,\n  updatedAt: 2025-03-06T10:30:41.737Z,\n  __v: 0\n}","service":"api-gateway","timestamp":"2025-03-06T10:30:41.744Z"}
{"level":"info","message":"Stored refresh token in Redis for user: 67c979514181bd8389275bc9","service":"api-gateway","timestamp":"2025-03-06T10:30:41.746Z"}
{"level":"info","message":"Received POST request to http://localhost:3001/auth/login","service":"api-gateway","timestamp":"2025-03-06T10:44:42.031Z"}
{"level":"debug","message":"Request body: {\n  \"email\": \"shinithp78@gmail.com\",\n  \"password\": \"Shinith@1632\"\n}","service":"api-gateway","timestamp":"2025-03-06T10:44:42.032Z"}
{"level":"info","message":"Received login request with data: \"shinithp78@gmail.com\"","service":"api-gateway","timestamp":"2025-03-06T10:44:42.033Z"}
{"level":"info","message":"Tokens generated successfully for user: {\n  _id: new ObjectId('67c979514181bd8389275bc9'),\n  userName: 'shinith',\n  email: 'shinithp78@gmail.com',\n  password: '$argon2id$v=19$m=65536,t=3,p=4$XOv1H/g524JXZMkgLhk19A$K2HpgGC+inPEcGNppUBS3kDYCb7+rPmoHrQw0JP+C5Y',\n  createdAt: 2025-03-06T10:30:41.737Z,\n  updatedAt: 2025-03-06T10:30:41.737Z,\n  __v: 0\n}","service":"api-gateway","timestamp":"2025-03-06T10:44:42.131Z"}
{"level":"info","message":"Stored refresh token in Redis for user: 67c979514181bd8389275bc9","service":"api-gateway","timestamp":"2025-03-06T10:44:42.134Z"}
{"level":"info","message":"User logged in successfully: shinithp78@gmail.com","service":"api-gateway","timestamp":"2025-03-06T10:44:42.139Z"}
{"level":"info","message":"Received POST request to http://localhost:3001/auth/login","service":"api-gateway","timestamp":"2025-03-06T10:46:01.697Z"}
{"level":"debug","message":"Request body: {\n  \"email\": \"shinithp78@gmail.com\",\n  \"password\": \"Shinith@1632\"\n}","service":"api-gateway","timestamp":"2025-03-06T10:46:01.698Z"}
{"level":"info","message":"Received login request with data: \"shinithp78@gmail.com\"","service":"api-gateway","timestamp":"2025-03-06T10:46:01.699Z"}
{"level":"info","message":"Tokens generated successfully for user: {\n  _id: new ObjectId('67c979514181bd8389275bc9'),\n  userName: 'shinith',\n  email: 'shinithp78@gmail.com',\n  password: '$argon2id$v=19$m=65536,t=3,p=4$XOv1H/g524JXZMkgLhk19A$K2HpgGC+inPEcGNppUBS3kDYCb7+rPmoHrQw0JP+C5Y',\n  createdAt: 2025-03-06T10:30:41.737Z,\n  updatedAt: 2025-03-06T10:30:41.737Z,\n  __v: 0\n}","service":"api-gateway","timestamp":"2025-03-06T10:46:01.806Z"}
{"level":"info","message":"Stored refresh token in Redis for user: 67c979514181bd8389275bc9","service":"api-gateway","timestamp":"2025-03-06T10:46:01.809Z"}
{"level":"info","message":"User logged in successfully: shinithp78@gmail.com","service":"api-gateway","timestamp":"2025-03-06T10:46:01.814Z"}
{"level":"info","message":"Received POST request to http://localhost:3001/auth/login","service":"api-gateway","timestamp":"2025-03-06T10:50:13.209Z"}
{"level":"debug","message":"Request body: {\n  \"email\": \"shinithp78@gmail.com\",\n  \"password\": \"Shinith@1632\"\n}","service":"api-gateway","timestamp":"2025-03-06T10:50:13.209Z"}
{"level":"info","message":"Received login request with data: \"shinithp78@gmail.com\"","service":"api-gateway","timestamp":"2025-03-06T10:50:13.211Z"}
{"level":"info","message":"Tokens generated successfully for user: {\n  _id: new ObjectId('67c979514181bd8389275bc9'),\n  userName: 'shinith',\n  email: 'shinithp78@gmail.com',\n  password: '$argon2id$v=19$m=65536,t=3,p=4$XOv1H/g524JXZMkgLhk19A$K2HpgGC+inPEcGNppUBS3kDYCb7+rPmoHrQw0JP+C5Y',\n  createdAt: 2025-03-06T10:30:41.737Z,\n  updatedAt: 2025-03-06T10:30:41.737Z,\n  __v: 0\n}","service":"api-gateway","timestamp":"2025-03-06T10:50:13.308Z"}
{"level":"info","message":"Stored refresh token in Redis for user: 67c979514181bd8389275bc9","service":"api-gateway","timestamp":"2025-03-06T10:50:13.312Z"}
{"level":"info","message":"User logged in successfully: shinithp78@gmail.com","service":"api-gateway","timestamp":"2025-03-06T10:50:13.315Z"}
{"level":"info","message":"Received POST request to http://localhost:3001/auth/login","service":"api-gateway","timestamp":"2025-03-06T10:56:41.815Z"}
{"level":"debug","message":"Request body: {\n  \"email\": \"shinithp78@gmail.com\",\n  \"password\": \"Shinith@1632\"\n}","service":"api-gateway","timestamp":"2025-03-06T10:56:41.816Z"}
{"level":"info","message":"Received login request with data: \"shinithp78@gmail.com\"","service":"api-gateway","timestamp":"2025-03-06T10:56:41.817Z"}
{"level":"info","message":"Tokens generated successfully for user: {\n  _id: new ObjectId('67c979514181bd8389275bc9'),\n  userName: 'shinith',\n  email: 'shinithp78@gmail.com',\n  password: '$argon2id$v=19$m=65536,t=3,p=4$XOv1H/g524JXZMkgLhk19A$K2HpgGC+inPEcGNppUBS3kDYCb7+rPmoHrQw0JP+C5Y',\n  createdAt: 2025-03-06T10:30:41.737Z,\n  updatedAt: 2025-03-06T10:30:41.737Z,\n  __v: 0\n}","service":"api-gateway","timestamp":"2025-03-06T10:56:41.907Z"}
{"level":"info","message":"Stored refresh token in Redis for user: 67c979514181bd8389275bc9","service":"api-gateway","timestamp":"2025-03-06T10:56:41.910Z"}
{"level":"info","message":"User logged in successfully: shinithp78@gmail.com","service":"api-gateway","timestamp":"2025-03-06T10:56:41.914Z"}
{"level":"info","message":"Received POST request to http://localhost:3001/auth/login","service":"api-gateway","timestamp":"2025-03-06T10:59:34.298Z"}
{"level":"debug","message":"Request body: {\n  \"email\": \"shinithp78@gmail.com\",\n  \"password\": \"Shinith@1632\"\n}","service":"api-gateway","timestamp":"2025-03-06T10:59:34.298Z"}
{"level":"info","message":"Received login request with data: \"shinithp78@gmail.com\"","service":"api-gateway","timestamp":"2025-03-06T10:59:34.300Z"}
{"level":"info","message":"Tokens generated successfully for user: {\n  _id: new ObjectId('67c979514181bd8389275bc9'),\n  userName: 'shinith',\n  email: 'shinithp78@gmail.com',\n  password: '$argon2id$v=19$m=65536,t=3,p=4$XOv1H/g524JXZMkgLhk19A$K2HpgGC+inPEcGNppUBS3kDYCb7+rPmoHrQw0JP+C5Y',\n  createdAt: 2025-03-06T10:30:41.737Z,\n  updatedAt: 2025-03-06T10:30:41.737Z,\n  __v: 0\n}","service":"api-gateway","timestamp":"2025-03-06T10:59:34.387Z"}
{"level":"info","message":"Stored refresh token in Redis for user: 67c979514181bd8389275bc9","service":"api-gateway","timestamp":"2025-03-06T10:59:34.389Z"}
{"level":"info","message":"User logged in successfully: shinithp78@gmail.com","service":"api-gateway","timestamp":"2025-03-06T10:59:34.393Z"}
{"level":"info","message":"Received POST request to http://localhost:3001/auth/login","service":"api-gateway","timestamp":"2025-03-06T16:48:42.288Z"}
{"level":"debug","message":"Request body: {\n  \"email\": \"shinithp78@gmail.com\",\n  \"password\": \"Shinith@1632\"\n}","service":"api-gateway","timestamp":"2025-03-06T16:48:42.290Z"}
{"level":"info","message":"Received login request with data: \"shinithp78@gmail.com\"","service":"api-gateway","timestamp":"2025-03-06T16:48:42.292Z"}
{"level":"info","message":"Tokens generated successfully for user: {\n  _id: new ObjectId('67c979514181bd8389275bc9'),\n  userName: 'shinith',\n  email: 'shinithp78@gmail.com',\n  password: '$argon2id$v=19$m=65536,t=3,p=4$XOv1H/g524JXZMkgLhk19A$K2HpgGC+inPEcGNppUBS3kDYCb7+rPmoHrQw0JP+C5Y',\n  createdAt: 2025-03-06T10:30:41.737Z,\n  updatedAt: 2025-03-06T10:30:41.737Z,\n  __v: 0\n}","service":"api-gateway","timestamp":"2025-03-06T16:48:42.438Z"}
{"level":"info","message":"Stored refresh token in Redis for user: 67c979514181bd8389275bc9","service":"api-gateway","timestamp":"2025-03-06T16:48:42.443Z"}
{"level":"info","message":"User logged in successfully: shinithp78@gmail.com","service":"api-gateway","timestamp":"2025-03-06T16:48:42.451Z"}
{"level":"info","message":"Received POST request to http://localhost:3001/auth/login","service":"api-gateway","timestamp":"2025-03-06T16:49:14.302Z"}
{"level":"debug","message":"Request body: {\n  \"email\": \"shinithp78@gmail.com\",\n  \"password\": \"Shinith@163234\"\n}","service":"api-gateway","timestamp":"2025-03-06T16:49:14.303Z"}
{"level":"info","message":"Received login request with data: \"shinithp78@gmail.com\"","service":"api-gateway","timestamp":"2025-03-06T16:49:14.306Z"}
{"level":"warn","message":"Login failed - Incorrect password for user: shinithp78@gmail.com","service":"api-gateway","timestamp":"2025-03-06T16:49:14.550Z"}
{"level":"error","message":"Login failed for email: shinithp78@gmail.com, Error: Incorrect password.","service":"api-gateway","timestamp":"2025-03-06T16:49:14.570Z"}
{"level":"error","message":"Error: Incorrect password.\n    at Function.<anonymous> (C:\\Users\\user\\Desktop\\LearnEasy-Platform\\backend\\services\\auth-service\\src\\services\\authServices.ts:100:19)\n    at Generator.next (<anonymous>)\n    at fulfilled (C:\\Users\\user\\Desktop\\LearnEasy-Platform\\backend\\services\\auth-service\\src\\services\\authServices.ts:5:58)","service":"api-gateway","timestamp":"2025-03-06T16:49:14.602Z"}
{"level":"info","message":"Received POST request to http://localhost:3001/auth/login","service":"api-gateway","timestamp":"2025-03-06T16:49:22.287Z"}
{"level":"debug","message":"Request body: {\n  \"email\": \"shinithp78@gmail.com\",\n  \"password\": \"Shinith@1632\"\n}","service":"api-gateway","timestamp":"2025-03-06T16:49:22.289Z"}
{"level":"info","message":"Received login request with data: \"shinithp78@gmail.com\"","service":"api-gateway","timestamp":"2025-03-06T16:49:22.291Z"}
{"level":"info","message":"Tokens generated successfully for user: {\n  _id: new ObjectId('67c979514181bd8389275bc9'),\n  userName: 'shinith',\n  email: 'shinithp78@gmail.com',\n  password: '$argon2id$v=19$m=65536,t=3,p=4$XOv1H/g524JXZMkgLhk19A$K2HpgGC+inPEcGNppUBS3kDYCb7+rPmoHrQw0JP+C5Y',\n  createdAt: 2025-03-06T10:30:41.737Z,\n  updatedAt: 2025-03-06T10:30:41.737Z,\n  __v: 0\n}","service":"api-gateway","timestamp":"2025-03-06T16:49:22.486Z"}
{"level":"info","message":"Stored refresh token in Redis for user: 67c979514181bd8389275bc9","service":"api-gateway","timestamp":"2025-03-06T16:49:22.493Z"}
{"level":"info","message":"User logged in successfully: shinithp78@gmail.com","service":"api-gateway","timestamp":"2025-03-06T16:49:22.499Z"}
{"level":"info","message":"Received POST request to http://localhost:3001/auth/login","service":"api-gateway","timestamp":"2025-03-06T17:00:02.131Z"}
{"level":"debug","message":"Request body: {\n  \"email\": \"shinithp78@gmail.com\",\n  \"password\": \"Shinith@1632\"\n}","service":"api-gateway","timestamp":"2025-03-06T17:00:02.133Z"}
{"level":"info","message":"Received login request with data: \"shinithp78@gmail.com\"","service":"api-gateway","timestamp":"2025-03-06T17:00:02.134Z"}
{"level":"info","message":"Tokens generated successfully for user: {\n  _id: new ObjectId('67c979514181bd8389275bc9'),\n  userName: 'shinith',\n  email: 'shinithp78@gmail.com',\n  password: '$argon2id$v=19$m=65536,t=3,p=4$XOv1H/g524JXZMkgLhk19A$K2HpgGC+inPEcGNppUBS3kDYCb7+rPmoHrQw0JP+C5Y',\n  createdAt: 2025-03-06T10:30:41.737Z,\n  updatedAt: 2025-03-06T10:30:41.737Z,\n  __v: 0\n}","service":"api-gateway","timestamp":"2025-03-06T17:00:02.291Z"}
{"level":"info","message":"Stored refresh token in Redis for user: 67c979514181bd8389275bc9","service":"api-gateway","timestamp":"2025-03-06T17:00:02.335Z"}
{"level":"info","message":"User logged in successfully: shinithp78@gmail.com","service":"api-gateway","timestamp":"2025-03-06T17:00:02.342Z"}
{"level":"info","message":"Received POST request to http://localhost:3001/auth/login","service":"api-gateway","timestamp":"2025-03-06T17:19:03.577Z"}
{"level":"debug","message":"Request body: {\n  \"email\": \"shinithp78@gmail.com\",\n  \"password\": \"Shinith@1632\"\n}","service":"api-gateway","timestamp":"2025-03-06T17:19:03.578Z"}
{"level":"info","message":"Received login request with data: \"shinithp78@gmail.com\"","service":"api-gateway","timestamp":"2025-03-06T17:19:03.580Z"}
{"level":"info","message":"Tokens generated successfully for user: {\n  _id: new ObjectId('67c979514181bd8389275bc9'),\n  userName: 'shinith',\n  email: 'shinithp78@gmail.com',\n  password: '$argon2id$v=19$m=65536,t=3,p=4$XOv1H/g524JXZMkgLhk19A$K2HpgGC+inPEcGNppUBS3kDYCb7+rPmoHrQw0JP+C5Y',\n  createdAt: 2025-03-06T10:30:41.737Z,\n  updatedAt: 2025-03-06T10:30:41.737Z,\n  __v: 0\n}","service":"api-gateway","timestamp":"2025-03-06T17:19:03.738Z"}
{"level":"info","message":"Stored refresh token in Redis for user: 67c979514181bd8389275bc9","service":"api-gateway","timestamp":"2025-03-06T17:19:03.783Z"}
{"level":"info","message":"User logged in successfully: shinithp78@gmail.com","service":"api-gateway","timestamp":"2025-03-06T17:19:03.791Z"}
{"level":"info","message":"Received POST request to http://localhost:3001/auth/login","service":"api-gateway","timestamp":"2025-03-06T17:20:39.398Z"}
{"level":"debug","message":"Request body: {\n  \"email\": \"shinithp78@gmail.com\",\n  \"password\": \"Shinith@1632\"\n}","service":"api-gateway","timestamp":"2025-03-06T17:20:39.400Z"}
{"level":"info","message":"Received login request with data: \"shinithp78@gmail.com\"","service":"api-gateway","timestamp":"2025-03-06T17:20:39.404Z"}
{"level":"info","message":"Tokens generated successfully for user: {\n  _id: new ObjectId('67c979514181bd8389275bc9'),\n  userName: 'shinith',\n  email: 'shinithp78@gmail.com',\n  password: '$argon2id$v=19$m=65536,t=3,p=4$XOv1H/g524JXZMkgLhk19A$K2HpgGC+inPEcGNppUBS3kDYCb7+rPmoHrQw0JP+C5Y',\n  createdAt: 2025-03-06T10:30:41.737Z,\n  updatedAt: 2025-03-06T10:30:41.737Z,\n  __v: 0\n}","service":"api-gateway","timestamp":"2025-03-06T17:20:39.553Z"}
{"level":"info","message":"Stored refresh token in Redis for user: 67c979514181bd8389275bc9","service":"api-gateway","timestamp":"2025-03-06T17:20:39.559Z"}
{"level":"info","message":"User logged in successfully: shinithp78@gmail.com","service":"api-gateway","timestamp":"2025-03-06T17:20:39.567Z"}
{"level":"info","message":"Received POST request to http://localhost:3001/auth/login","service":"api-gateway","timestamp":"2025-03-06T17:32:11.174Z"}
{"level":"debug","message":"Request body: {\n  \"email\": \"shinithp78@gmail.com\",\n  \"password\": \"Shinith@1632\"\n}","service":"api-gateway","timestamp":"2025-03-06T17:32:11.176Z"}
{"level":"info","message":"Received login request with data: \"shinithp78@gmail.com\"","service":"api-gateway","timestamp":"2025-03-06T17:32:11.177Z"}
{"level":"info","message":"Tokens generated successfully for user: {\n  _id: new ObjectId('67c979514181bd8389275bc9'),\n  userName: 'shinith',\n  email: 'shinithp78@gmail.com',\n  password: '$argon2id$v=19$m=65536,t=3,p=4$XOv1H/g524JXZMkgLhk19A$K2HpgGC+inPEcGNppUBS3kDYCb7+rPmoHrQw0JP+C5Y',\n  createdAt: 2025-03-06T10:30:41.737Z,\n  updatedAt: 2025-03-06T10:30:41.737Z,\n  __v: 0\n}","service":"api-gateway","timestamp":"2025-03-06T17:32:11.326Z"}
{"level":"info","message":"Stored refresh token in Redis for user: 67c979514181bd8389275bc9","service":"api-gateway","timestamp":"2025-03-06T17:32:11.332Z"}
{"level":"info","message":"User logged in successfully: shinithp78@gmail.com","service":"api-gateway","timestamp":"2025-03-06T17:32:11.339Z"}
